,name,mTurkID,subID,drive_name,drive_index,time_date,SurveyPage_Question1,SurveyPage_Question2,SurveyPage_Question3
0,value, p149,296,,0,Wed Feb 15 2023 18:25:40 GMT-0600 (Central Standard Time),5,4,5
1,value, p38,269,,0,Wed Feb 15 2023 19:25:12 GMT-0500 (Eastern Standard Time),6,5,4
2,value, p261,186,,0,Fri Feb 10 2023 18:19:53 GMT-0800 (Pacific Standard Time),7,5,4
3,value, p96,237,,0,Wed Feb 15 2023 19:24:38 GMT-0500 (Eastern Standard Time),4,3,4
4,value, p313,33,,0,Mon Jan 30 2023 18:25:53 GMT-0500 (Eastern Standard Time),2,2,2
5,value, p239,82,,0,Tue Jan 31 2023 13:24:04 GMT-0500 (Eastern Standard Time),6,5,5
6,value, p148,260,,0,Wed Feb 15 2023 17:25:03 GMT-0700 (Mountain Standard Time),4,4,3
7,value, p270,274,,0,Wed Feb 15 2023 18:25:13 GMT-0600 (Central Standard Time),6,6,5
8,value, p111,130,,0,Fri Feb 10 2023 20:35:14 GMT-0500 (Eastern Standard Time),2,3,3
9,value, p241,168,,0,Fri Feb 10 2023 20:05:59 GMT-0600 (Central Standard Time),4,5,4
10,value, p306,84,,0,Tue Jan 31 2023 12:24:09 GMT-0600 (Central Standard Time),5,5,4
11,value, p37,248,,0,Wed Feb 15 2023 19:24:51 GMT-0500 (Eastern Standard Time),6,6,4
12,value, p281,329,,0,Wed Feb 15 2023 19:20:47 GMT-0600 (GMT-06:00),7,7,7
13,value, p300,61,,0,Mon Jan 30 2023 18:45:08 GMT-0500 (Eastern Standard Time),5,4,4
14,value, p86,4,,0,Fri Jan 27 2023 22:05:29 GMT-0500 (Eastern Standard Time),6,6,4
15,value, p268,38,,0,Mon Jan 30 2023 17:31:34 GMT-0600 (Central Standard Time),6,6,6
16,value, p214,110,,0,Tue Jan 31 2023 13:29:21 GMT-0500 (Eastern Standard Time),5,4,6
17,value, p212,253,,0,Wed Feb 15 2023 16:25:17 GMT-0800 (Pacific Standard Time),6,6,6
18,value, p35,83,,0,Tue Jan 31 2023 12:24:07 GMT-0600 (Central Standard Time),6,7,4
19,value, p211,141,,0,Fri Feb 10 2023 20:46:34 GMT-0500 (Eastern Standard Time),5,4,4
20,value, p286,194,,0,Fri Feb 10 2023 21:23:11 GMT-0500 (Eastern Standard Time),7,7,5
21,value, p265,32,,0,Mon Jan 30 2023 15:25:00 GMT-0800 (Pacific Standard Time),3,5,5
22,value, p60,314,,0,Wed Feb 15 2023 19:30:02 GMT-0500 (Eastern Standard Time),6,7,4
23,value, p245,125,,0,Fri Feb 10 2023 18:30:32 GMT-0700 (Mountain Standard Time),5,5,4
24,value, p63,55,,0,Mon Jan 30 2023 16:42:33 GMT-0700 (Mountain Standard Time),2,2,1
25,value, p282,73,,0,Mon Jan 30 2023 18:52:47 GMT-0500 (Eastern Standard Time),3,3,4
26,value, p193,254,,0,Wed Feb 15 2023 16:24:57 GMT-0800 (Pacific Standard Time),5,4,4
27,value, p150,144,,0,Fri Feb 10 2023 20:52:36 GMT-0500 (Eastern Standard Time),4,4,1
28,value, p72,171,,0,Fri Feb 10 2023 20:07:57 GMT-0600 (Central Standard Time),7,7,7
29,value, p233,21,,0,Mon Jan 30 2023 16:02:02 GMT-0500 (Eastern Standard Time),4,4,2
30,value, p31,134,,0,Fri Feb 10 2023 19:37:32 GMT-0600 (Central Standard Time),5,5,5
31,value, p277,77,,0,Mon Jan 30 2023 18:56:02 GMT-0500 (Eastern Standard Time),4,4,2
32,value, p16,304,,0,Wed Feb 15 2023 18:26:17 GMT-0600 (Central Standard Time),4,4,4
33,value, p186,147,,0,Fri Feb 10 2023 19:54:45 GMT-0600 (Central Standard Time),6,5,4
34,value, p225,181,,0,Fri Feb 10 2023 18:15:44 GMT-0800 (Pacific Standard Time),6,7,6
35,value, p126,12,,0,Mon Jan 30 2023 15:50:36 GMT-0500 (Eastern Standard Time),4,4,4
36,value, p68,58,,0,Mon Jan 30 2023 17:44:01 GMT-0600 (Central Standard Time),5,5,5
37,value, p274,91,,0,Tue Jan 31 2023 12:24:17 GMT-0600 (Central Standard Time),4,4,4
38,value, p15,213,,0,Fri Feb 10 2023 20:30:28 GMT-0600 (Central Standard Time),6,5,4
39,value, p287,233,,0,Wed Feb 15 2023 16:24:34 GMT-0800 (Pacific Standard Time),5,5,5
40,value, p181,294,,0,Wed Feb 15 2023 19:25:34 GMT-0500 (Eastern Standard Time),7,7,7
41,value, p45,161,,0,Fri Feb 10 2023 20:02:53 GMT-0600 (Central Standard Time),6,5,3
42,value, p171,262,,0,Wed Feb 15 2023 16:25:05 GMT-0800 (Pacific Standard Time),6,6,6
43,value, p94,324,,0,Wed Feb 15 2023 19:02:46 GMT-0600 (Central Standard Time),6,6,4
44,value, p80,229,,0,Wed Feb 15 2023 18:24:24 GMT-0600 (Central Standard Time),1,1,1
45,value, p226,59,,0,Mon Jan 30 2023 17:44:13 GMT-0600 (Central Standard Time),5,3,3
46,value, p20,183,,0,Fri Feb 10 2023 21:16:35 GMT-0500 (Colombia Standard Time),6,6,4
47,value, p269,322,,0,Wed Feb 15 2023 19:35:23 GMT-0500 (Eastern Standard Time),5,5,3
48,value, p69,299,,0,Wed Feb 15 2023 19:26:06 GMT-0500 (Eastern Standard Time),7,7,7
49,value, p26,278,,0,Wed Feb 15 2023 19:25:17 GMT-0500 (Eastern Standard Time),6,5,5
50,value, p217,52,,0,Mon Jan 30 2023 15:41:08 GMT-0800 (Pacific Standard Time),4,5,4
51,value, p293,103,,0,Tue Jan 31 2023 12:24:30 GMT-0600 (Central Standard Time),6,6,4
52,value, p65,156,,0,Fri Feb 10 2023 17:59:49 GMT-0800 (Pacific Standard Time),2,4,2
53,value, p10,232,,0,Wed Feb 15 2023 19:24:31 GMT-0500 (Eastern Standard Time),4,3,3
54,value, p260,200,,0,Fri Feb 10 2023 21:25:03 GMT-0500 (Eastern Standard Time),4,4,4
55,value, p82,35,,0,Mon Jan 30 2023 17:26:24 GMT-0600 (Central Standard Time),3,4,5
56,value, p271,122,,0,Fri Feb 10 2023 19:29:05 GMT-0600 (Central Standard Time),3,3,4
57,value, p167,220,,0,Fri Feb 10 2023 21:34:41 GMT-0500 (Eastern Standard Time),1,1,1
58,value, p252,105,,0,Tue Jan 31 2023 12:24:56 GMT-0600 (Central Standard Time),6,6,4
59,value, p61,289,,0,Wed Feb 15 2023 19:25:29 GMT-0500 (Eastern Standard Time),5,5,4
60,value, p155,19,,0,Mon Jan 30 2023 13:00:10 GMT-0800 (Pacific Standard Time),2,5,2
61,value, p166,255,,0,Wed Feb 15 2023 16:24:56 GMT-0800 (Pacific Standard Time),5,6,5
62,value, p292,119,,0,Fri Feb 10 2023 20:24:28 GMT-0500 (Eastern Standard Time),6,4,6
63,value, p144,195,,0,Fri Feb 10 2023 21:23:36 GMT-0500 (Eastern Standard Time),3,4,3
64,value, p17,14,,0,Mon Jan 30 2023 14:54:41 GMT-0600 (Central Standard Time),5,5,4
65,value, p30,313,,0,Wed Feb 15 2023 18:29:12 GMT-0600 (Central Standard Time),4,6,1
66,value, p185,5,,0,Fri Jan 27 2023 19:13:52 GMT-0800 (Pacific Standard Time),2,3,4
67,value, p23,51,,0,Mon Jan 30 2023 15:40:41 GMT-0800 (Pacific Standard Time),6,5,4
68,value, p198,64,,0,Mon Jan 30 2023 17:47:10 GMT-0600 (Central Standard Time),6,6,4
69,value, p156,26,,0,Mon Jan 30 2023 15:11:14 GMT-0800 (Pacific Standard Time),5,5,5
70,value, p203,320,,0,Wed Feb 15 2023 16:35:10 GMT-0800 (Pacific Standard Time),6,6,6
71,value, p39,126,,0,Fri Feb 10 2023 20:30:41 GMT-0500 (Easter Island Summer Time),6,6,2
72,value, p197,157,,0,Fri Feb 10 2023 19:59:59 GMT-0600 (Central Standard Time),6,5,4
73,value, p174,115,,0,Fri Feb 10 2023 20:08:07 GMT-0500 (Eastern Standard Time),3,2,4
74,value, p280,309,,0,Wed Feb 15 2023 18:27:40 GMT-0600 (Central Standard Time),7,4,2
75,value, p194,283,,0,Wed Feb 15 2023 18:25:22 GMT-0600 (Central Standard Time),6,5,4
76,value, p257,286,,0,Wed Feb 15 2023 18:25:22 GMT-0600 (Central Standard Time),6,6,4
77,value, p91,69,,0,Mon Jan 30 2023 18:51:25 GMT-0500 (Eastern Standard Time),3,2,2
78,value, p92,46,,0,Mon Jan 30 2023 18:36:56 GMT-0500 (Eastern Standard Time),5,5,2
79,value, p131,132,,0,Fri Feb 10 2023 17:36:43 GMT-0800 (Pacific Standard Time),5,5,4
80,value, p78,218,,0,Fri Feb 10 2023 18:32:20 GMT-0800 (Pacific Standard Time),5,5,3
81,value, p146,316,,0,Wed Feb 15 2023 19:30:40 GMT-0500 (Eastern Standard Time),5,5,4
82,value, p114,102,,0,Tue Jan 31 2023 11:24:26 GMT-0700 (Mountain Standard Time),6,6,6
83,value, p127,176,,0,Fri Feb 10 2023 19:12:18 GMT-0700 (Mountain Standard Time),5,5,5
84,value, p247,89,,0,Tue Jan 31 2023 19:24:15 GMT 0100 (Central European Standard Time),6,4,6
85,value, p51,72,,0,Mon Jan 30 2023 18:52:08 GMT-0500 (Eastern Standard Time),5,6,4
86,value, p145,190,,0,Fri Feb 10 2023 20:20:36 GMT-0600 (Central Standard Time),4,5,2
87,value, p178,65,,0,Mon Jan 30 2023 15:48:38 GMT-0800 (Pacific Standard Time),1,2,2
88,value, p133,276,,0,Wed Feb 15 2023 18:25:16 GMT-0600 (Central Standard Time),6,6,2
89,value, p235,243,,0,Wed Feb 15 2023 16:24:47 GMT-0800 (Pacific Standard Time),5,5,4
90,value, p88,312,,0,Wed Feb 15 2023 18:29:10 GMT-0600 (Central Standard Time),7,7,4
91,value, p29,206,,0,Sat Feb 11 2023 02:28:36 GMT 0000 (Coordinated Universal Time),5,5,4
92,value, p109,112,,0,Thu Feb 02 2023 19:21:52 GMT-0500 (Eastern Standard Time),5,5,4
93,value, p47,280,,0,Wed Feb 15 2023 16:25:17 GMT-0800 (PST),6,6,4
94,value, p285,11,,0,Mon Jan 30 2023 15:42:26 GMT-0500 (Eastern Standard Time),5,5,4
95,value, p142,40,,0,Mon Jan 30 2023 15:31:52 GMT-0800 (Pacific Standard Time),7,6,4
96,value, p3,281,,0,Wed Feb 15 2023 19:25:18 GMT-0500 (Eastern Standard Time),4,4,1
97,value, p232,250,,0,Wed Feb 15 2023 19:24:54 GMT-0500 (Eastern Standard Time),5,6,5
98,value, p188,96,,0,Tue Jan 31 2023 13:24:24 GMT-0500 (Eastern Standard Time),6,6,5
99,value, p25,239,,0,Wed Feb 15 2023 19:24:43 GMT-0500 (Eastern Standard Time),4,4,4
100,value, p70,267,,0,Wed Feb 15 2023 16:25:11 GMT-0800 (Pacific Standard Time),7,7,4
101,value, p276,80,,0,Tue Jan 31 2023 13:24:00 GMT-0500 (Eastern Standard Time),5,5,3
102,value, p18,42,,0,Mon Jan 30 2023 18:32:53 GMT-0500 (Eastern Standard Time),5,5,4
103,value, p236,68,,0,Mon Jan 30 2023 15:50:48 GMT-0800 (Pacific Standard Time),5,5,3
104,value, p84,162,,0,Fri Feb 10 2023 21:04:00 GMT-0500 (Eastern Standard Time),5,5,6
105,value, p48,133,,0,Fri Feb 10 2023 20:37:20 GMT-0500 (Eastern Standard Time),4,4,4
106,value, p312,146,,0,Fri Feb 10 2023 19:53:04 GMT-0600 (Central Standard Time),6,5,5
107,value, p302,209,,0,Fri Feb 10 2023 20:29:33 GMT-0600 (Central Standard Time),5,4,4
108,value, p5,28,,0,Mon Jan 30 2023 15:16:19 GMT-0800 (Pacific Standard Time),5,5,4
109,value, p176,188,,0,Fri Feb 10 2023 21:20:01 GMT-0500 (Eastern Standard Time),3,3,3
110,value, p34,212,,0,Fri Feb 10 2023 21:31:11 GMT-0500 (Eastern Standard Time),5,4,4
111,value, p253,295,,0,Wed Feb 15 2023 19:25:38 GMT-0500 (Eastern Standard Time),5,5,4
112,value, p227,223,,0,Fri Feb 10 2023 22:32:53 GMT-0500 (Eastern Standard Time),6,6,6
113,value, p160,98,,0,Tue Jan 31 2023 11:24:24 GMT-0700 (Mountain Standard Time),6,6,6
114,value, p256,246,,0,Wed Feb 15 2023 18:24:52 GMT-0600 (Central Standard Time),6,6,4
115,value, p187,95,,0,Tue Jan 31 2023 12:24:19 GMT-0600 (Central Standard Time),6,6,6
116,value, p13,129,,0,Fri Feb 10 2023 19:33:23 GMT-0600 (Central Standard Time),3,3,4
117,value, p162,219,,0,Fri Feb 10 2023 21:34:32 GMT-0500 (Eastern Standard Time),4,5,3
118,value, p204,116,,0,Fri Feb 10 2023 19:11:08 GMT-0600 (Central Standard Time),6,4,1
119,value, p266,118,,0,Fri Feb 10 2023 17:22:17 GMT-0800 (Pacific Standard Time),4,5,3
120,value, p170,154,,0,Fri Feb 10 2023 20:58:55 GMT-0500 (Eastern Standard Time),3,3,3
121,value, p53,13,,0,Mon Jan 30 2023 15:50:52 GMT-0500 (Eastern Standard Time),7,7,2
122,value, p64,142,,0,Fri Feb 10 2023 17:46:02 GMT-0800 (Pacific Standard Time),2,3,2
123,value, p28,158,,0,Fri Feb 10 2023 21:00:29 GMT-0500 (Eastern Standard Time),4,5,4
124,value, p153,114,,0,Fri Feb 10 2023 20:07:44 GMT-0500 (Eastern Standard Time),4,4,4
125,value, p298,178,,0,Sat Feb 11 2023 02:14:01 GMT-0800 (Pacific Standard Time),4,5,4
126,value, p231,284,,0,Wed Feb 15 2023 19:25:33 GMT-0500 (Eastern Standard Time),5,6,5
127,value, p219,106,,0,Tue Jan 31 2023 10:24:58 GMT-0800 (Pacific Standard Time),5,6,4
128,value, p42,197,,0,Fri Feb 10 2023 18:24:25 GMT-0800 (Pacific Standard Time),4,5,4
129,value, p67,138,,0,Fri Feb 10 2023 19:44:22 GMT-0600 (Central Standard Time),6,6,5
130,value, p248,30,,0,Mon Jan 30 2023 17:17:13 GMT-0600 (Central Standard Time),6,6,4
131,value, p79,302,,0,Wed Feb 15 2023 17:26:12 GMT-0700 (Mountain Standard Time),6,6,4
132,value, p75,189,,0,Fri Feb 10 2023 19:20:14 GMT-0700 (Mountain Standard Time),5,4,3
133,value, p173,256,,0,Wed Feb 15 2023 18:25:01 GMT-0600 (Central Standard Time),7,7,1
134,value, p180,187,,0,Sat Feb 11 2023 08:19:59 GMT 0600 (Bangladesh Standard Time),5,6,5
135,value, p93,323,,0,Wed Feb 15 2023 16:38:59 GMT-0800 (Pacific Standard Time),5,5,2
136,value, p290,172,,0,Fri Feb 10 2023 20:08:17 GMT-0600 (Central Standard Time),4,5,4
137,value, p8,37,,0,Mon Jan 30 2023 17:31:16 GMT-0600 (Central Standard Time),3,3,3
138,value, p158,234,,0,Wed Feb 15 2023 18:24:35 GMT-0600 (Central Standard Time),7,7,4
139,value, p295,199,,0,Fri Feb 10 2023 21:25:04 GMT-0500 (Eastern Standard Time),5,5,4
140,value, p237,39,,0,Mon Jan 30 2023 17:31:37 GMT-0600 (Central Standard Time),2,4,2
141,value, p165,272,,0,Wed Feb 15 2023 19:25:15 GMT-0500 (Eastern Standard Time),6,6,6
142,value, p264,49,,0,Mon Jan 30 2023 18:38:47 GMT-0500 (Eastern Standard Time),5,5,4
143,value, p66,143,,0,Fri Feb 10 2023 19:52:30 GMT-0600 (Central Standard Time),6,6,6
144,value, p27,153,,0,Fri Feb 10 2023 20:58:28 GMT-0500 (Eastern Standard Time),4,4,4
145,value, p202,265,,0,Wed Feb 15 2023 16:25:09 GMT-0800 (Pacific Standard Time),7,6,4
146,value, p228,104,,0,Tue Jan 31 2023 11:24:37 GMT-0700 (Mountain Standard Time),4,5,4
147,value, p224,205,,0,Fri Feb 10 2023 20:28:17 GMT-0600 (Central Standard Time),6,6,4
148,value, p14,86,,0,Tue Jan 31 2023 12:24:09 GMT-0600 (Central Standard Time),5,5,4
149,value, p124,149,,0,Fri Feb 10 2023 19:55:22 GMT-0600 (Central Standard Time),1,1,1
150,value, p152,90,,0,Tue Jan 31 2023 10:24:14 GMT-0800 (Pacific Standard Time),6,5,5
151,value, p129,75,,0,Mon Jan 30 2023 18:53:54 GMT-0500 (Eastern Standard Time),5,4,6
152,value, p132,251,,0,Wed Feb 15 2023 18:26:09 GMT-0600 (Central Standard Time),5,5,5
153,value, p100,145,,0,Fri Feb 10 2023 20:52:56 GMT-0500 (Eastern Standard Time),6,5,4
154,value, p275,259,,0,Wed Feb 15 2023 19:25:02 GMT-0500 (Eastern Standard Time),3,3,3
155,value, p267,297,,0,Wed Feb 15 2023 19:25:46 GMT-0500 (Eastern Standard Time),6,4,4
156,value, p273,288,,0,Wed Feb 15 2023 16:25:21 GMT-0800 (Pacific Standard Time),4,5,4
157,value, p136,252,,0,Wed Feb 15 2023 18:24:58 GMT-0600 (Central Standard Time),6,6,5
158,value, p159,88,,0,Tue Jan 31 2023 13:24:12 GMT-0500 (Eastern Standard Time),6,7,6
159,value, p19,139,,0,Fri Feb 10 2023 17:44:36 GMT-0800 (Pacific Standard Time),5,3,4
160,value, p240,78,,0,Mon Jan 30 2023 16:11:06 GMT-0800 (PST),5,6,6
161,value, p189,327,,0,Wed Feb 15 2023 19:09:16 GMT-0600 (Central Standard Time),6,6,6
162,value, p201,271,,0,Wed Feb 15 2023 17:25:13 GMT-0700 (Mountain Standard Time),5,5,4
163,value, p119,227,,0,Wed Feb 15 2023 19:24:21 GMT-0500 (Eastern Standard Time),3,3,4
164,value, p220,9,,0,Mon Jan 30 2023 14:19:25 GMT-0600 (Central Standard Time),6,6,4
165,value, p58,47,,0,Mon Jan 30 2023 15:37:40 GMT-0800 (Pacific Standard Time),4,3,4
166,value, p12,192,,0,Fri Feb 10 2023 21:22:14 GMT-0500 (Eastern Standard Time),4,4,3
167,value, p289,224,,0,Wed Feb 15 2023 19:24:14 GMT-0500 (Eastern Standard Time),6,6,4
168,value, p303,62,,0,Mon Jan 30 2023 18:45:20 GMT-0500 (Eastern Standard Time),3,2,2
169,value, p157,215,,0,Fri Feb 10 2023 21:31:45 GMT-0500 (Eastern Standard Time),6,6,6
170,value, p314,81,,0,Tue Jan 31 2023 12:24:02 GMT-0600 (Central Standard Time),6,6,5
171,value, p230,152,,0,Fri Feb 10 2023 15:56:16 GMT-1000 (Hawaii-Aleutian Standard Time),3,3,5
172,value, p118,22,,0,Mon Jan 30 2023 16:02:30 GMT-0500 (Eastern Standard Time),5,5,3
173,value, p125,63,,0,Mon Jan 30 2023 17:45:48 GMT-0600 (Central Standard Time),5,5,4
174,value, p258,270,,0,Wed Feb 15 2023 19:25:11 GMT-0500 (Eastern Standard Time),6,7,4
175,value, p44,303,,0,Wed Feb 15 2023 18:26:12 GMT-0600 (Central Standard Time),6,6,4
176,value, p54,99,,0,Tue Jan 31 2023 13:24:24 GMT-0500 (EST),4,4,4
177,value, p49,70,,0,Mon Jan 30 2023 15:51:38 GMT-0800 (Pacific Standard Time),5,5,5
178,value, p6,71,,0,Mon Jan 30 2023 15:51:45 GMT-0800 (Pacific Standard Time),4,4,4
179,value, p121,208,,0,Fri Feb 10 2023 19:28:56 GMT-0700 (Mountain Standard Time),6,5,6
180,value, p183,7,,0,Mon Jan 30 2023 15:04:46 GMT-0500 (Eastern Standard Time),5,3,4
181,value, p283,85,,0,Tue Jan 31 2023 10:24:08 GMT-0800 (Pacific Standard Time),5,5,4
182,value, p135,170,,0,Fri Feb 10 2023 20:07:19 GMT-0600 (Central Standard Time),4,4,4
183,value, p32,230,,0,Wed Feb 15 2023 18:24:24 GMT-0600 (Central Standard Time),3,3,2
184,value, p169,285,,0,Wed Feb 15 2023 19:25:23 GMT-0500 (Eastern Standard Time),7,6,4
185,value, p196,50,,0,Mon Jan 30 2023 15:38:46 GMT-0800 (Pacific Standard Time),6,6,4
186,value, p74,298,,0,Wed Feb 15 2023 19:25:59 GMT-0500 (Eastern Standard Time),6,7,5
187,value, p168,261,,0,Wed Feb 15 2023 19:25:06 GMT-0500 (Eastern Standard Time),1,1,1
188,value, p143,27,,0,Mon Jan 30 2023 17:14:03 GMT-0600 (Central Standard Time),5,6,4
189,value, p113,225,,0,Wed Feb 15 2023 19:24:13 GMT-0500 (Eastern Standard Time),5,5,4
190,value, p89,321,,0,Wed Feb 15 2023 19:35:17 GMT-0500 (Eastern Standard Time),6,6,4
191,value, p305,163,,0,Fri Feb 10 2023 21:04:02 GMT-0500 (Eastern Standard Time),5,4,3
192,value, p81,273,,0,Wed Feb 15 2023 18:25:18 GMT-0600 (Central Standard Time),4,4,4
193,value, p199,74,,0,Mon Jan 30 2023 18:52:53 GMT-0500 (Eastern Standard Time),5,6,4
194,value, p238,16,,0,Mon Jan 30 2023 15:57:23 GMT-0500 (Eastern Standard Time),4,5,4
195,value, p147,235,,0,Wed Feb 15 2023 16:24:39 GMT-0800 (Pacific Standard Time),6,6,4
196,value, p209,310,,0,Wed Feb 15 2023 18:27:52 GMT-0600 (Central Standard Time),4,5,5
197,value, p22,315,,0,Wed Feb 15 2023 19:30:05 GMT-0500 (Eastern Standard Time),5,6,4
198,value, p192,207,,0,Fri Feb 10 2023 21:28:43 GMT-0500 (Eastern Standard Time),3,3,2
199,value, p207,127,,0,Fri Feb 10 2023 20:31:27 GMT-0500 (Eastern Standard Time),4,1,1
200,value, p102,66,,0,Mon Jan 30 2023 17:49:18 GMT-0600 (Central Standard Time),6,6,5
201,value, p112,60,,0,Mon Jan 30 2023 17:44:36 GMT-0600 (Central Standard Time),4,5,3
202,value, p299,257,,0,Wed Feb 15 2023 16:25:01 GMT-0800 (Pacific Standard Time),6,4,4
203,value, p190,121,,0,Fri Feb 10 2023 18:28:51 GMT-0700 (Mountain Standard Time),2,3,2
204,value, p117,67,,0,Mon Jan 30 2023 15:49:51 GMT-0800 (Pacific Standard Time),3,3,3
205,value, p163,204,,0,Fri Feb 10 2023 21:27:47 GMT-0500 (Eastern Standard Time),4,6,2
206,value, p141,191,,0,Fri Feb 10 2023 19:21:57 GMT-0700 (Mountain Standard Time),5,5,4
207,value, p310,326,,0,Wed Feb 15 2023 19:07:38 GMT-0600 (Central Standard Time),6,6,4
208,value, p250,174,,0,Fri Feb 10 2023 20:10:01 GMT-0600 (Central Standard Time),3,2,1
209,value, p90,175,,0,Fri Feb 10 2023 21:11:57 GMT-0500 (Eastern Standard Time),5,4,2
210,value, p140,107,,0,Tue Jan 31 2023 11:26:38 GMT-0700 (Mountain Standard Time),6,6,4
211,value, p62,124,,0,Fri Feb 10 2023 19:29:51 GMT-0600 (Central Standard Time),7,7,4
212,value, p43,179,,0,Fri Feb 10 2023 20:14:26 GMT-0600 (Central Standard Time),5,5,4
213,value, p83,240,,0,Wed Feb 15 2023 18:24:44 GMT-0600 (Central Standard Time),6,6,4
214,value, p244,287,,0,Wed Feb 15 2023 19:25:23 GMT-0500 (Eastern Standard Time),6,6,4
215,value, p24,2,,0,Fri Jan 27 2023 21:59:03 GMT-0500 (Eastern Standard Time),1,2,3
216,value, p161,293,,0,Wed Feb 15 2023 19:25:34 GMT-0500 (Eastern Standard Time),7,7,4
217,value, p4,282,,0,Wed Feb 15 2023 18:25:20 GMT-0600 (Central Standard Time),3,3,3
218,value, p40,25,,0,Mon Jan 30 2023 18:10:27 GMT-0500 (Eastern Standard Time),4,4,5
219,value, p191,140,,0,Fri Feb 10 2023 20:45:57 GMT-0500 (Eastern Standard Time),6,6,5
220,value, p291,3,,0,Fri Jan 27 2023 20:05:23 GMT-0700 (Mountain Standard Time),7,6,6
221,value, p311,202,,0,Fri Feb 10 2023 21:27:43 GMT-0500 (Eastern Standard Time),7,5,4
222,value, p76,17,,0,Mon Jan 30 2023 15:59:34 GMT-0500 (Eastern Standard Time),4,5,4
223,value, p137,249,,0,Wed Feb 15 2023 16:24:53 GMT-0800 (Pacific Standard Time),6,6,4
224,value, p56,318,,0,Wed Feb 15 2023 18:32:18 GMT-0600 (Central Standard Time),3,5,5
225,value, p52,108,,0,Tue Jan 31 2023 12:27:23 GMT-0600 (Central Standard Time),6,7,3
226,value, p98,56,,0,Mon Jan 30 2023 17:42:40 GMT-0600 (Central Standard Time),7,7,7
227,value, p215,48,,0,Mon Jan 30 2023 17:38:27 GMT-0600 (Central Standard Time),3,3,3
228,value, p263,301,,0,Wed Feb 15 2023 18:26:06 GMT-0600 (Central Standard Time),5,5,2
229,value, p184,165,,0,Fri Feb 10 2023 21:04:47 GMT-0500 (Eastern Standard Time),6,5,5
230,value, p46,45,,0,Mon Jan 30 2023 18:36:53 GMT-0500 (Eastern Standard Time),5,3,2
231,value, p223,279,,0,Wed Feb 15 2023 19:25:18 GMT-0500 (Eastern Standard Time),4,4,4
232,value, p11,53,,0,Mon Jan 30 2023 18:41:29 GMT-0500 (Eastern Standard Time),4,4,3
233,value, p104,23,,0,Mon Jan 30 2023 16:04:32 GMT-0500 (Eastern Standard Time),5,5,4
234,value, p95,182,,0,Fri Feb 10 2023 20:16:19 GMT-0600 (Central Standard Time),7,7,4
235,value, p272,241,,0,Wed Feb 15 2023 19:24:45 GMT-0500 (Eastern Standard Time),7,7,4
236,value, p216,290,,0,Wed Feb 15 2023 19:25:31 GMT-0500 (Eastern Standard Time),6,6,4
237,value, p21,266,,0,Wed Feb 15 2023 16:25:08 GMT-0800 (Pacific Standard Time),5,5,4
238,value, p138,275,,0,Wed Feb 15 2023 18:25:16 GMT-0600 (CST),5,5,4
239,value, p164,113,,0,Fri Feb 10 2023 20:00:01 GMT-0500 (Eastern Standard Time),7,7,4
240,value, p222,325,,0,Wed Feb 15 2023 19:06:15 GMT-0600 (Central Standard Time),6,5,5
241,value, p59,160,,0,Fri Feb 10 2023 21:02:16 GMT-0500 (Eastern Standard Time),5,5,5
242,value, p249,308,,0,Wed Feb 15 2023 19:26:56 GMT-0500 (Eastern Standard Time),5,5,4
243,value, p279,306,,0,Wed Feb 15 2023 19:26:56 GMT-0500 (Eastern Standard Time),5,6,4
244,value, p210,258,,0,Wed Feb 15 2023 19:25:09 GMT-0500 (Eastern Standard Time),6,5,6
245,value, p255,173,,0,Fri Feb 10 2023 21:09:52 GMT-0500 (Eastern Standard Time),4,3,4
246,value, p97,44,,0,Mon Jan 30 2023 17:34:35 GMT-0600 (Central Standard Time),1,4,1
247,value, p73,216,,0,Fri Feb 10 2023 21:31:49 GMT-0500 (Eastern Standard Time),7,6,4
248,value, p9,94,,0,Tue Jan 31 2023 13:24:22 GMT-0500 (Eastern Standard Time),5,5,5
249,value, p55,180,,0,Fri Feb 10 2023 21:15:40 GMT-0500 (Eastern Standard Time),3,3,4
250,value, p208,244,,0,Wed Feb 15 2023 19:24:48 GMT-0500 (Eastern Standard Time),6,7,6
251,value, p103,203,,0,Fri Feb 10 2023 20:27:45 GMT-0600 (Central Standard Time),5,5,4
252,value, p77,93,,0,Tue Jan 31 2023 10:24:18 GMT-0800 (Pacific Standard Time),2,2,2
253,value, p101,131,,0,Fri Feb 10 2023 19:35:39 GMT-0600 (Central Standard Time),7,7,7
254,value, p2,76,,0,Mon Jan 30 2023 15:55:07 GMT-0800 (Pacific Standard Time),7,7,6
255,value, p284,236,,0,Wed Feb 15 2023 18:24:39 GMT-0600 (Central Standard Time),1,1,1
256,value, p205,221,,0,Fri Feb 10 2023 21:37:45 GMT-0500 (Eastern Standard Time),3,2,2
257,value, p294,307,,0,Wed Feb 15 2023 19:26:53 GMT-0500 (Eastern Standard Time),4,4,4
258,value, p107,217,,0,Fri Feb 10 2023 21:31:51 GMT-0500 (Eastern Standard Time),7,7,4
259,value, p116,123,,0,Fri Feb 10 2023 17:29:18 GMT-0800 (Pacific Standard Time),5,5,4
260,value, p175,167,,0,Fri Feb 10 2023 21:05:35 GMT-0500 (Eastern Standard Time),6,6,5
261,value, p200,242,,0,Wed Feb 15 2023 19:24:47 GMT-0500 (Eastern Standard Time),6,6,6
262,value, p139,150,,0,Fri Feb 10 2023 19:55:56 GMT-0600 (Central Standard Time),5,5,3
263,value, p123,24,,0,Mon Jan 30 2023 16:54:44 GMT-0600 (Central Standard Time),4,1,4
264,value, p234,228,,0,Wed Feb 15 2023 19:24:23 GMT-0500 (Eastern Standard Time),6,5,5
265,value, p36,120,,0,Fri Feb 10 2023 19:27:21 GMT-0600 (Central Standard Time),5,5,4
266,value, p221,184,,0,Fri Feb 10 2023 21:16:54 GMT-0500 (Eastern Standard Time),4,7,4
267,value, p85,8,,0,Mon Jan 30 2023 13:05:25 GMT-0700 (Mountain Standard Time),4,4,4
268,value, p105,292,,0,Wed Feb 15 2023 18:25:32 GMT-0600 (Central Standard Time),7,7,7
269,value, p309,291,,0,Wed Feb 15 2023 19:25:29 GMT-0500 (Eastern Standard Time),6,6,4
270,value, p246,317,,0,Wed Feb 15 2023 17:31:13 GMT-0700 (Mountain Standard Time),5,5,5
271,value, p242,155,,0,Fri Feb 10 2023 18:59:12 GMT-0700 (Mountain Standard Time),4,3,4
272,value, p115,231,,0,Wed Feb 15 2023 19:24:25 GMT-0500 (Eastern Standard Time),5,5,5
273,value, p301,41,,0,Mon Jan 30 2023 17:32:40 GMT-0600 (Central Standard Time),6,5,4
274,value, p99,87,,0,Tue Jan 31 2023 10:24:10 GMT-0800 (Pacific Standard Time),2,1,2
275,value, p130,151,,0,Fri Feb 10 2023 17:56:06 GMT-0800 (Pacific Standard Time),4,4,4
276,value, p213,6,,0,Fri Jan 27 2023 22:15:48 GMT-0500 (Eastern Standard Time),6,5,5
277,value, p128,97,,0,Tue Jan 31 2023 10:24:21 GMT-0800 (Pacific Standard Time),6,5,3
278,value, p106,311,,0,Wed Feb 15 2023 19:28:10 GMT-0500 (Eastern Standard Time),5,5,4
279,value, p297,177,,0,Fri Feb 10 2023 20:12:24 GMT-0600 (Central Standard Time),6,6,4
280,value, p229,169,,0,Fri Feb 10 2023 20:06:27 GMT-0600 (Central Standard Time),5,5,4
281,value, p179,101,,0,Tue Jan 31 2023 13:24:29 GMT-0500 (Eastern Standard Time),6,6,4
282,value, p71,300,,0,Wed Feb 15 2023 19:26:40 GMT-0500 (Eastern Standard Time),6,4,4
283,value, p206,18,,0,Mon Jan 30 2023 13:59:53 GMT-0700 (Mountain Standard Time),4,4,4
284,value, p87,164,,0,Fri Feb 10 2023 20:04:22 GMT-0600 (Central Standard Time),1,1,1
285,value, p122,15,,0,Mon Jan 30 2023 15:54:46 GMT-0500 (Eastern Standard Time),7,7,6
286,value, p7,201,,0,Fri Feb 10 2023 21:26:41 GMT-0500 (hora est√°ndar oriental),1,1,1
287,value, p50,319,,0,Wed Feb 15 2023 19:32:17 GMT-0500 (Eastern Standard Time),3,3,3
288,value, p177,137,,0,Fri Feb 10 2023 17:42:05 GMT-0800 (Pacific Standard Time),5,5,5
289,value, p57,226,,0,Wed Feb 15 2023 16:24:18 GMT-0800 (Pacific Standard Time),2,2,2
290,value, p218,222,,0,Fri Feb 10 2023 21:15:39 GMT-0600 (Central Standard Time),7,4,4
291,value, p33,36,,0,Mon Jan 30 2023 18:29:55 GMT-0500 (Eastern Standard Time),4,5,2
292,value, p41,193,,0,Fri Feb 10 2023 21:22:42 GMT-0500 (Eastern Standard Time),5,5,4
293,value, p108,109,,0,Tue Jan 31 2023 10:28:20 GMT-0800 (Pacific Standard Time),5,5,4
294,value, p251,247,,0,Wed Feb 15 2023 19:26:21 GMT-0500 (Eastern Standard Time),5,5,5
295,value, p278,211,,0,Fri Feb 10 2023 20:29:55 GMT-0600 (Central Standard Time),6,6,6
296,value, p262,331,,0,Wed Feb 15 2023 18:31:40 GMT-0700 (Mountain Standard Time),4,2,4
297,value, p154,79,,0,Mon Jan 30 2023 16:30:26 GMT-0800 (Pacific Standard Time),4,5,4
