,name,mTurkID,subID,drive_name,drive_index,time,SurveyPage_Question1,SurveyPage_Question2,SurveyPage_Question3,SurveyPage_Question4,SurveyPage_Question5,SurveyPage_Question6,SurveyPage_Question7,SurveyPage_Question8,SurveyPage_Question9,SurveyPage_Question10,SurveyPage_Question11,SurveyPage_Question12,SurveyPage_Question13,SurveyPage_Question14,SurveyPage_Question16,SurveyPage_Question15
0,['value'],[' p85'],['8'],['1400'],['2'],['Mon Jan 30 2023 13:05:25 GMT-0700 (Mountain Standard Time)'],['Orange'],['Scooter'],['46-55'],['Male'],['Technology'],['Associate degree'],['2'],['1'],['2'],['2'],"['1', '2', '4']",['6'],"['Electric_bike', 'Electric_skateboard_similar']",['6'],['Yes'],
1,['value'],[' p256'],['246'],['2110'],['2'],['Wed Feb 15 2023 18:24:52 GMT-0600 (Central Standard Time)'],['Orange'],['Self driving scooter'],['36-45'],['Male'],"['Other', 'Transportation']",['High_school_degree_or_equivalent'],['1'],['1'],['1'],['2'],"['1', '4']",['5'],['Segway'],['7'],['Yes'],"[""was a fun study; I understand that the scenarios were there to setup you up to make a decision quickly. However; even though I pressed spacebar a couple of times; the circumstances didn't seem plausible that a crash would occur. Just food for thought. ""]"
2,['value'],[' p297'],['177'],['2101'],['2'],['Fri Feb 10 2023 20:12:24 GMT-0600 (Central Standard Time)'],['Orange'],['self-driving scooter'],['18-25'],['Male'],['Technology'],['Less_than_a_high_school_diploma'],['1'],['1'],['1'],['0'],"['1', '4']",['6'],"['Electricscooter', 'Electric_bike']",['6'],['Yes'],
3,['value'],[' p240'],['78'],['1410'],['2'],['Mon Jan 30 2023 16:11:06 GMT-0800 (PST)'],['Orange'],['Self driving scooter'],['18-25'],['Female'],['Education'],['High_school_degree_or_equivalent'],['2'],['1'],['1'],['2'],"['1', '4']",['7'],['none'],,['Yes'],
4,['value'],[' p142'],['40'],['1400'],['2'],['Mon Jan 30 2023 15:31:52 GMT-0800 (Pacific Standard Time)'],['Orange'],['Self driving scooter'],['36-45'],['Male'],['Technology'],['Associate degree'],['1'],['0'],['0'],['1'],"['1', '2']",['6'],['none'],,['Yes'],['none']
5,['value'],[' p53'],['13'],['1411'],['2'],['Mon Jan 30 2023 15:50:52 GMT-0500 (Eastern Standard Time)'],['Orange'],['scooter'],['26-35'],['Female'],['Engineering'],['Associate degree'],['2'],['2'],['2'],['2'],"['1', '2', '4']",['7'],['Electricscooter'],['7'],['Yes'],
6,['value'],[' p290'],['172'],['1410'],['2'],['Fri Feb 10 2023 20:08:17 GMT-0600 (Central Standard Time)'],['Orange'],['self driving scooter'],['46-55'],['Female'],"['Other', 'retail']",['Associate degree'],['1'],['1'],['1'],['1'],['0'],,['none'],,['Yes'],['no']
7,['value'],[' p52'],['108'],['1410'],['2'],['Tue Jan 31 2023 12:27:23 GMT-0600 (Central Standard Time)'],['Orange'],['self driving scooter'],['36-45'],['Female'],['Liberal Arts'],['Associate degree'],['1'],['0'],['0'],['0'],['1'],['5'],['none'],,['Yes'],['I do not; thank you.']
8,['value'],[' p80'],['229'],['4311'],['2'],['Wed Feb 15 2023 18:24:24 GMT-0600 (Central Standard Time)'],['Orange'],['scooter'],['26-35'],['Male'],['Technology'],['High_school_degree_or_equivalent'],['2'],['2'],['2'],['2'],"['1', '2', '4']",['6'],['none'],['4'],['Yes'],
9,['value'],[' p19'],['139'],['1401'],['2'],['Fri Feb 10 2023 17:44:36 GMT-0800 (Pacific Standard Time)'],['Orange'],['e scooter'],['26-35'],['Female'],"['Other', 'non-profit organization']","[""Bachelor's_degree(e.g. BA; BS)""]",['1'],['1'],['1'],['1'],['1'],['4'],"['Electricscooter', 'Segway']",['5'],['Yes'],
10,['value'],[' p96'],['237'],['1411'],['2'],['Wed Feb 15 2023 19:24:38 GMT-0500 (Eastern Standard Time)'],['Orange'],['scooter'],['36-45'],['Male'],['Liberal Arts'],['High_school_degree_or_equivalent'],['1'],['1'],['1'],['0'],['1'],['4'],['none'],,['Yes'],
11,['value'],[' p38'],['269'],['1411'],['2'],['Wed Feb 15 2023 19:25:12 GMT-0500 (Eastern Standard Time)'],['Orange'],['Self-driving scooter'],['26-35'],['Female'],"['Other', 'Psychology']","[""Bachelor's_degree(e.g. BA; BS)""]",['1'],['1'],['2'],['1'],['0'],['7'],['Segway'],['6'],['Yes'],['It was fun!']
12,['value'],[' p276'],['80'],['2100'],['2'],['Tue Jan 31 2023 13:24:00 GMT-0500 (Eastern Standard Time)'],['Orange'],"['self-driving  ""scooter""']",[' 56'],['Male'],['Liberal Arts'],"[""Bachelor's_degree(e.g. BA; BS)""]",['1'],['1'],['0'],['0'],['0'],['4'],['none'],,['Yes'],"[""Sorry; for #12 I answered as I read the clause in parentheses.  I'm also a bit unsure about the color of the robots; they seemed to be mostly white.""]"
13,['value'],[' p252'],['105'],['1401'],['2'],['Tue Jan 31 2023 12:24:56 GMT-0600 (Central Standard Time)'],['Orange'],['scooter'],['36-45'],['Male'],['Education'],"[""Master's_degree (e.g. MA; MS; MEd)""]",['0'],['0'],['1'],['1'],['0'],,['none'],,['Yes'],['Nope']
14,['value'],[' p170'],['154'],['3200'],['2'],['Fri Feb 10 2023 20:58:55 GMT-0500 (Eastern Standard Time)'],['Green'],['scooter'],['36-45'],['Male'],"['Other', 'construction']",['High_school_degree_or_equivalent'],['1'],['0'],['1'],['1'],['0'],['4'],['none'],['4'],['Yes'],
15,['value'],[' p14'],['86'],['2110'],['2'],['Tue Jan 31 2023 12:24:09 GMT-0600 (Central Standard Time)'],['Orange'],['Automated Scooter'],['18-25'],['Male'],['Liberal Arts'],"[""Bachelor's_degree(e.g. BA; BS)""]",['2'],['2'],['2'],['1'],['0'],,['none'],,['Yes'],
16,['value'],[' p2'],['76'],['1410'],['2'],['Mon Jan 30 2023 15:55:07 GMT-0800 (Pacific Standard Time)'],['Orange'],['self driving scooter'],['36-45'],['Female'],"['Other', 'warehouse']",['High_school_degree_or_equivalent'],['2'],['1'],['2'],['2'],['4'],['7'],['Electricscooter'],['7'],['Yes'],['no']
17,['value'],[' p286'],['194'],['4300'],['2'],['Fri Feb 10 2023 21:23:11 GMT-0500 (Eastern Standard Time)'],['Blue'],['Scooter'],['36-45'],['Male'],['Medicine'],['Associate degree'],['2'],['0'],['0'],['0'],['1'],['3'],['none'],['2'],['Yes'],['Thank you for the survey. Please consider me for additional surveys.']
18,['value'],[' p51'],['72'],['1400'],['2'],['Mon Jan 30 2023 18:52:08 GMT-0500 (Eastern Standard Time)'],['Green'],['Scooter'],[' 56'],['Male'],['Technology'],['Associate degree'],['1'],['1'],['1'],['2'],['1'],['6'],['none'],,['Yes'],['Good Study']
19,['value'],[' p49'],['70'],['4310'],['2'],['Mon Jan 30 2023 15:51:38 GMT-0800 (Pacific Standard Time)'],['Orange'],['self Driving scooter'],['26-35'],['Female'],['Medicine'],"[""Master's_degree (e.g. MA; MS; MEd)""]",['1'],['1'],['1'],['1'],['4'],['5'],['none'],['4'],['Yes'],
20,['value'],[' p32'],['230'],['4310'],['2'],['Wed Feb 15 2023 18:24:24 GMT-0600 (Central Standard Time)'],['Orange'],['autonomous sidewalk mobility vehicle'],['36-45'],['Male'],['Technology'],"[""Bachelor's_degree(e.g. BA; BS)""]",['1'],['0'],['0'],['1'],['1'],['5'],['Electricscooter'],['6'],['Yes'],['N/A -- Thanks!']
21,['value'],[' p99'],['87'],['2111'],['2'],['Tue Jan 31 2023 10:24:10 GMT-0800 (Pacific Standard Time)'],['Orange'],['An autonomous scooter'],['18-25'],['Male'],['Medicine'],"[""Bachelor's_degree(e.g. BA; BS)""]",['1'],['1'],['2'],['2'],"['1', '2', '4', '5']",['6'],['Electricscooter'],['5'],['Yes'],
22,['value'],[' p236'],['68'],['4310'],['2'],['Mon Jan 30 2023 15:50:48 GMT-0800 (Pacific Standard Time)'],['Orange'],['self driving scooter'],['26-35'],['Female'],['Liberal Arts'],"[""Master's_degree (e.g. MA; MS; MEd)""]",['0'],['0'],['1'],['0'],['0'],['4'],['none'],['4'],['Yes'],
23,['value'],[' p91'],['69'],['4311'],['2'],['Mon Jan 30 2023 18:51:25 GMT-0500 (Eastern Standard Time)'],['Orange'],['Scooter'],['46-55'],['Male'],['Liberal Arts'],"[""Bachelor's_degree(e.g. BA; BS)""]",['1'],['1'],['2'],['0'],"['2', '4']",['4'],['none'],,['Yes'],"[""What I did not like was me wanting to brake and stop for STOP signs and intersections and it didn't.  I would never run a STOP sign while driving a car; riding a bike or walking. A car can come from seemingly nowhere.  ""]"
24,['value'],[' p223'],['279'],['2111'],['2'],['Wed Feb 15 2023 19:25:18 GMT-0500 (Eastern Standard Time)'],['Orange'],['Scooter'],[' 56'],['Male'],"['Other', 'Healthcare']","[""Master's_degree (e.g. MA; MS; MEd)""]",['1'],['0'],['1'],['1'],['0'],,"['none', 'Other']",,['Yes'],['NA']
25,['value'],[' p30'],['313'],['3201'],['2'],['Wed Feb 15 2023 18:29:12 GMT-0600 (Central Standard Time)'],['Orange'],['Scooter'],['36-45'],['Male'],"['Other', 'Retail']",['High_school_degree_or_equivalent'],['1'],['1'],['1'],['1'],['0'],,['none'],,['Yes'],['Some people are colorblind or are like me and have ADHD and have trouble recalling specific details; so asking the color of the delivery robot may get mixed results. ']
26,['value'],[' p306'],['84'],['2110'],['2'],['Tue Jan 31 2023 12:24:09 GMT-0600 (Central Standard Time)'],['Green'],['scooter'],['26-35'],['Male'],['Agriculture'],['High_school_degree_or_equivalent'],['1'],['0'],['1'],['2'],['1'],['4'],['Segway'],['4'],['Yes'],['Thank you.']
27,['value'],[' p189'],['327'],['4311'],['2'],['Wed Feb 15 2023 19:09:16 GMT-0600 (Central Standard Time)'],['Orange'],['Scooter'],['36-45'],['Male'],"['Other', 'Transportation']",['High_school_degree_or_equivalent'],['1'],['1'],['2'],['2'],['0'],,['none'],,['Yes'],['none']
28,['value'],[' p135'],['170'],['1400'],['2'],['Fri Feb 10 2023 20:07:19 GMT-0600 (Central Standard Time)'],['Orange'],['Self-driving Scooter'],['26-35'],['Male'],"['Other', 'Wholesale Trade']","[""Bachelor's_degree(e.g. BA; BS)""]",['1'],['1'],['1'],['1'],"['1', '3', '4']",['4'],['none'],['4'],['No'],
29,['value'],[' p7'],['201'],['1401'],['2'],['Fri Feb 10 2023 21:26:41 GMT-0500 (hora est√°ndar oriental)'],['Orange'],['scooter self driving'],['26-35'],['Male'],['Engineering'],"[""Bachelor's_degree(e.g. BA; BS)""]",['2'],['2'],['2'],['2'],['0'],['7'],['none'],['7'],['Yes'],
30,['value'],[' p239'],['82'],['2100'],['2'],['Tue Jan 31 2023 13:24:04 GMT-0500 (Eastern Standard Time)'],['Orange'],['self driving scooter'],['26-35'],['Female'],"['Other', 'legal']",['High_school_degree_or_equivalent'],['0'],['2'],['2'],['2'],['0'],,['Electric_bike'],['5'],['Yes'],
31,['value'],[' p119'],['227'],['4301'],['2'],['Wed Feb 15 2023 19:24:21 GMT-0500 (Eastern Standard Time)'],['Orange'],['Self-driving scooter'],['26-35'],['Male'],['Technology'],['High_school_degree_or_equivalent'],['2'],['2'],['2'],['2'],['0'],['4'],['none'],['4'],['Yes'],['n/a']
32,['value'],[' p244'],['287'],['3211'],['2'],['Wed Feb 15 2023 19:25:23 GMT-0500 (Eastern Standard Time)'],['Orange'],['Scooter'],['26-35'],['Male'],"['Other', 'Unemployed']",['High_school_degree_or_equivalent'],['1'],['1'],['1'],['0'],['1'],['6'],['none'],,['Yes'],
33,['value'],[' p141'],['191'],['3211'],['2'],['Fri Feb 10 2023 19:21:57 GMT-0700 (Mountain Standard Time)'],['Orange'],['scooter'],['36-45'],['Female'],"['Other', 'business']","[""Bachelor's_degree(e.g. BA; BS)""]",['1'],['1'],['2'],['2'],"['1', '2', '4']",['6'],['Electricscooter'],['6'],['Yes'],['no']
34,['value'],[' p175'],['167'],['4311'],['2'],['Fri Feb 10 2023 21:05:35 GMT-0500 (Eastern Standard Time)'],['Orange'],['autonomous scooter'],[' 56'],['Male'],['Technology'],['Associate degree'],['2'],['2'],['2'],['2'],['4'],['7'],['none'],,['Yes'],
35,['value'],[' p58'],['47'],['1411'],['2'],['Mon Jan 30 2023 15:37:40 GMT-0800 (Pacific Standard Time)'],['Orange'],['electric scooter'],[' 56'],['Male'],['Engineering'],['Doctoral_degree (e.g. PhD; EdD)'],['2'],['2'],['2'],['2'],['1'],['4'],['Electricscooter'],['6'],['Yes'],
36,['value'],[' p138'],['275'],['2101'],['2'],['Wed Feb 15 2023 18:25:16 GMT-0600 (CST)'],['Orange'],['Self driving scooter'],['36-45'],['Female'],"['Other', 'Business']",['Associate degree'],['1'],['1'],['0'],['0'],['2'],['5'],['none'],['4'],['Yes'],
37,['value'],[' p247'],['89'],['3201'],['2'],['Tue Jan 31 2023 19:24:15 GMT 0100 (Central European Standard Time)'],['Blue'],['self driving scooter'],['18-25'],['Male'],['Education'],['High_school_degree_or_equivalent'],['1'],['2'],['2'],['2'],"['1', '3', '4']",['6'],['none'],['6'],['Yes'],['no']
38,['value'],[' p40'],['25'],['3201'],['2'],['Mon Jan 30 2023 18:10:27 GMT-0500 (Eastern Standard Time)'],['Orange'],['Electric Scooter'],['26-35'],['Female'],['Technology'],['High_school_degree_or_equivalent'],['0'],['0'],['0'],['1'],['0'],['4'],['none'],['4'],['Yes'],"[""I don't like the self driving scooter. It goes too fast.""]"
39,['value'],[' p187'],['95'],['3211'],['2'],['Tue Jan 31 2023 12:24:19 GMT-0600 (Central Standard Time)'],['Orange'],['scooter'],['36-45'],['Female'],['Liberal Arts'],['High_school_degree_or_equivalent'],['2'],['1'],['1'],['1'],['0'],['4'],['none'],['4'],['Yes'],
40,['value'],[' p60'],['314'],['3200'],['2'],['Wed Feb 15 2023 19:30:02 GMT-0500 (Eastern Standard Time)'],['Orange'],['self driving scooter'],['26-35'],['Male'],['Technology'],"[""Bachelor's_degree(e.g. BA; BS)""]",['0'],['1'],['1'],['1'],"['2', '3']",['6'],"['Electricscooter', 'Segway']",['6'],['Yes'],['no']
41,['value'],[' p113'],['225'],['4301'],['2'],['Wed Feb 15 2023 19:24:13 GMT-0500 (Eastern Standard Time)'],['Orange'],['self driving scooter'],['26-35'],['Male'],['Technology'],"[""Bachelor's_degree(e.g. BA; BS)""]",['0'],['0'],['0'],['1'],['0'],,['none'],,['Yes'],['none']
42,['value'],[' p5'],['28'],['3210'],['2'],['Mon Jan 30 2023 15:16:19 GMT-0800 (Pacific Standard Time)'],['Blue'],['scooter'],[' 56'],['Male'],"['Other', 'finance']","[""Bachelor's_degree(e.g. BA; BS)""]",['1'],['1'],['1'],['1'],['0'],['4'],['Electricscooter'],['5'],['Yes'],['computer simulation is different actual.  avid cyclist who rides on street;']
43,['value'],[' p84'],['162'],['4300'],['2'],['Fri Feb 10 2023 21:04:00 GMT-0500 (Eastern Standard Time)'],['Blue'],['self driving scooter'],['36-45'],['Male'],"['Other', 'Real Estate']",['High_school_degree_or_equivalent'],['1'],['1'],['1'],['1'],['1'],['6'],['none'],,['Yes'],['I just wanted to comment on the first section of the scooter interaction with the delivery robot. My answers for this section about the interaction with the delivery robot were based on the fact that the delivery robot kept going straight. Even though it did not move out of the way of the scooter; I figured that the delivery robot was just going to keep going straight; so I was happy with the interaction. I did not anticipate that the robot would move and was ready to break if I had to. The scooter moved out of the way automatically. However; as I said before; I was happy that the delivery robot did not make a sudden movement towards me as I moved; and just kept going straight. This made it easy to move out of the way of it. ']
44,['value'],[' p18'],['42'],['1400'],['2'],['Mon Jan 30 2023 18:32:53 GMT-0500 (Eastern Standard Time)'],['Orange'],['e-scooter'],['18-25'],['Female'],"['Other', 'social work']",['High_school_degree_or_equivalent'],['0'],['1'],['2'],['2'],['4'],['6'],['Electricscooter'],['5'],['Yes'],
45,['value'],[' p65'],['156'],['3210'],['2'],['Fri Feb 10 2023 17:59:49 GMT-0800 (Pacific Standard Time)'],['Orange'],['self driving scooter'],['26-35'],['Female'],"['Other', 'unemployed']","[""Bachelor's_degree(e.g. BA; BS)""]",['0'],['0'],['0'],['1'],['0'],,['none'],,['Yes'],
46,['value'],[' p25'],['239'],['1411'],['2'],['Wed Feb 15 2023 19:24:43 GMT-0500 (Eastern Standard Time)'],['Orange'],['self driving segway'],['36-45'],['Male'],"['Other', 'wholesale trade']","[""Bachelor's_degree(e.g. BA; BS)""]",['1'],['1'],['2'],['1'],['3'],['5'],['none'],['5'],['Yes'],['n/a']
47,['value'],[' p116'],['123'],['3201'],['2'],['Fri Feb 10 2023 17:29:18 GMT-0800 (Pacific Standard Time)'],['Orange'],['scooter'],['46-55'],['Female'],"['Other', 'captioner']","[""Master's_degree (e.g. MA; MS; MEd)""]",['1'],['1'],['1'],['2'],['1'],['4'],['none'],,['Yes'],['none']
48,['value'],[' p137'],['249'],['3201'],['2'],['Wed Feb 15 2023 16:24:53 GMT-0800 (Pacific Standard Time)'],['Orange'],['Automous scooter'],[' 56'],['Male'],['Engineering'],"[""Bachelor's_degree(e.g. BA; BS)""]",['1'],['2'],['2'],['2'],['0'],,['Electric_bike'],['7'],['Yes'],['You should get a native speaker to go over your questions.']
49,['value'],[' p314'],['81'],['2101'],['2'],['Tue Jan 31 2023 12:24:02 GMT-0600 (Central Standard Time)'],['Orange'],['Scooter'],['26-35'],['Male'],['Technology'],['Associate degree'],['1'],['0'],['1'],['0'],"['1', '3', '4']",['6'],['Electricscooter'],['7'],['Yes'],
50,['value'],[' p238'],['16'],['2100'],['2'],['Mon Jan 30 2023 15:57:23 GMT-0500 (Eastern Standard Time)'],['Orange'],['self driving scooter'],['18-25'],['Male'],"['Other', 'retail']",['High_school_degree_or_equivalent'],['1'],['1'],['1'],['1'],['0'],,['none'],,['Yes'],
51,['value'],[' p144'],['195'],['4301'],['2'],['Fri Feb 10 2023 21:23:36 GMT-0500 (Eastern Standard Time)'],['Blue'],['mobility scooter'],['26-35'],['Male'],['Technology'],['High_school_degree_or_equivalent'],['1'],['0'],['1'],['1'],['1'],['4'],['Electric_bike'],['6'],['Yes'],['I do not get why a mobility scooter would blow through stop signs and generally not stop to check for traffic. This would make me distrust it a lot.']
52,['value'],[' p313'],['33'],['4301'],['2'],['Mon Jan 30 2023 18:25:53 GMT-0500 (Eastern Standard Time)'],['Orange'],['scooter'],[' 56'],['Female'],['Technology'],['Associate degree'],['0'],['2'],['2'],['2'],['0'],['7'],['none'],['7'],['Yes'],['no']
53,['value'],[' p245'],['125'],['3211'],['2'],['Fri Feb 10 2023 18:30:32 GMT-0700 (Mountain Standard Time)'],['Orange'],['Segway'],['36-45'],['Male'],"['Other', 'Truck driver']",['High_school_degree_or_equivalent'],['0'],['1'],['1'],['1'],['2'],['7'],"['Electricscooter', 'Electric_skateboard_similar']",['7'],['Yes'],['No']
54,['value'],[' p248'],['30'],['3210'],['2'],['Mon Jan 30 2023 17:17:13 GMT-0600 (Central Standard Time)'],['Orange'],['Scooter.  Hope I am describing that right'],['46-55'],['Female'],"['Other', 'Animal Welfare']",['High_school_degree_or_equivalent'],['1'],['1'],['2'],['2'],['0'],['5'],['none'],['4'],['Yes'],['Thank you.  This was interesting']
55,['value'],[' p312'],['146'],['2100'],['2'],['Fri Feb 10 2023 19:53:04 GMT-0600 (Central Standard Time)'],['Orange'],['scooter'],['36-45'],['Female'],['Science'],['Doctoral_degree (e.g. PhD; EdD)'],['2'],['2'],['2'],['1'],"['1', '2', '4']",['7'],['none'],['4'],['Yes'],
56,['value'],[' p255'],['173'],['1411'],['2'],['Fri Feb 10 2023 21:09:52 GMT-0500 (Eastern Standard Time)'],['Orange'],['Automated scooter'],['18-25'],['Male'],"['Other', 'Political science']",['High_school_degree_or_equivalent'],['1'],['1'],['1'],['2'],['1'],['5'],['Electricscooter'],['4'],['Yes'],
57,['value'],[' p11'],['53'],['2111'],['2'],['Mon Jan 30 2023 18:41:29 GMT-0500 (Eastern Standard Time)'],['Orange'],['Autonomous Sidewalk Something'],['26-35'],['Female'],"['Education', 'Social Work']","[""Bachelor's_degree(e.g. BA; BS)""]",['1'],['1'],['1'],['0'],['0'],['4'],['none'],['4'],['Yes'],['There were a few typos/tense inconsistencies in the words in the study. In the very first video that introduced how it would work; when there were circles showing pedestrians; delivery robots and cars; there were not actually any of those things in the circles.']
58,['value'],[' p176'],['188'],['3210'],['2'],['Fri Feb 10 2023 21:20:01 GMT-0500 (Eastern Standard Time)'],['Orange'],"[""It's like a segway. I don't remember the exact term for it.""]",['26-35'],"['Other', 'Non-binary']",['Liberal Arts'],['High_school_degree_or_equivalent'],['1'],['1'],['2'],['2'],['0'],,['none'],,['Yes'],
59,['value'],[' p82'],['35'],['4301'],['2'],['Mon Jan 30 2023 17:26:24 GMT-0600 (Central Standard Time)'],['Orange'],['self-driving autonomous scooter'],['36-45'],['Female'],"['Other', 'special events']",['Associate degree'],['1'],['1'],['0'],['0'],['2'],['7'],['Electric_bike'],['7'],['Yes'],['No; thank you']
60,['value'],[' p274'],['91'],['3201'],['2'],['Tue Jan 31 2023 12:24:17 GMT-0600 (Central Standard Time)'],['Orange'],['scooter '],['26-35'],['Female'],['Pharmacy'],['Doctoral_degree (e.g. PhD; EdD)'],['1'],['1'],['2'],['2'],"['2', '4']",['7'],['none'],,['Yes'],
61,['value'],[' p168'],['261'],['4311'],['2'],['Wed Feb 15 2023 19:25:06 GMT-0500 (Eastern Standard Time)'],['Green'],['scooter'],['26-35'],['Female'],"['Other', 'None']",['High_school_degree_or_equivalent'],['1'],['1'],['1'],['0'],['0'],['4'],['none'],['4'],['Yes'],
62,['value'],[' p153'],['114'],['2100'],['2'],['Fri Feb 10 2023 20:07:44 GMT-0500 (Eastern Standard Time)'],['Orange'],['Self Driving Scooter'],['26-35'],['Female'],['Education'],"[""Master's_degree (e.g. MA; MS; MEd)""]",['1'],['1'],['1'],['2'],['4'],['5'],['none'],['4'],['Yes'],
63,['value'],[' p217'],['52'],['2110'],['2'],['Mon Jan 30 2023 15:41:08 GMT-0800 (Pacific Standard Time)'],['Orange'],['self driving scooter'],['18-25'],['Male'],['Technology'],['High_school_degree_or_equivalent'],['1'],['1'],['2'],['2'],['0'],['4'],"['Electricscooter', 'Electric_bike']",['7'],['No'],
64,['value'],[' p191'],['140'],['1410'],['2'],['Fri Feb 10 2023 20:45:57 GMT-0500 (Eastern Standard Time)'],['Orange'],['self-driving scooter'],['26-35'],['Female'],['Education'],['High_school_degree_or_equivalent'],['1'],['1'],['1'],['1'],['0'],,['none'],,['Yes'],
65,['value'],[' p61'],['289'],['4301'],['2'],['Wed Feb 15 2023 19:25:29 GMT-0500 (Eastern Standard Time)'],['Blue'],['self driving scooter'],['46-55'],['Female'],"['Other', 'Retail']",['High_school_degree_or_equivalent'],['0'],['1'],['1'],['0'],['0'],,['none'],,['Yes'],
66,['value'],[' p39'],['126'],['3210'],['2'],['Fri Feb 10 2023 20:30:41 GMT-0500 (Easter Island Summer Time)'],['Orange'],['self driving scooter'],['36-45'],['Female'],"['Other', 'construction']",['High_school_degree_or_equivalent'],['1'],['2'],['2'],['2'],['0'],,['none'],,['Yes'],
67,['value'],[' p215'],['48'],['2100'],['2'],['Mon Jan 30 2023 17:38:27 GMT-0600 (Central Standard Time)'],['Orange'],['Self driving scooter'],['18-25'],['Female'],['Education'],"[""Bachelor's_degree(e.g. BA; BS)""]",['2'],['1'],['1'],['1'],"['1', '2']",['5'],"['Electricscooter', 'Electric_bike']",['4'],['Yes'],
68,['value'],[' p67'],['138'],['1400'],['2'],['Fri Feb 10 2023 19:44:22 GMT-0600 (Central Standard Time)'],['Orange'],['self-driving scooter'],['18-25'],['Female'],['Liberal Arts'],['High_school_degree_or_equivalent'],['1'],['1'],['0'],['0'],['1'],['6'],"['Electricscooter', 'Electric_skateboard_similar']",['6'],['Yes'],
69,['value'],[' p47'],['280'],['3200'],['2'],['Wed Feb 15 2023 16:25:17 GMT-0800 (PST)'],['Orange'],['scooter'],['36-45'],['Female'],['Education'],"[""Bachelor's_degree(e.g. BA; BS)""]",['1'],['1'],['1'],['1'],"['1', '2', '3', '4']",['7'],"['Electric_bike', 'Segway']",['5'],['Yes'],
70,['value'],[' p70'],['267'],['1401'],['2'],['Wed Feb 15 2023 16:25:11 GMT-0800 (Pacific Standard Time)'],['Orange'],['A mobility scooter'],['26-35'],['Male'],['Science'],['High_school_degree_or_equivalent'],['1'],['1'],['1'],['0'],['1'],['5'],['none'],,['Yes'],['No problems']
71,['value'],[' p44'],['303'],['1411'],['2'],['Wed Feb 15 2023 18:26:12 GMT-0600 (Central Standard Time)'],['Orange'],['scooter'],['46-55'],['Female'],['Education'],"[""Bachelor's_degree(e.g. BA; BS)""]",['1'],['1'],['1'],['1'],['3'],['6'],['none'],['4'],['Yes'],['Very interesting!  I really enjoyed it']
72,['value'],[' p83'],['240'],['2100'],['2'],['Wed Feb 15 2023 18:24:44 GMT-0600 (Central Standard Time)'],['Orange'],['Self Driving Scooter'],['46-55'],['Male'],"['Other', 'Publishing']","[""Master's_degree (e.g. MA; MS; MEd)""]",['1'],['2'],['2'],['2'],['0'],,['none'],,['Yes'],['Thank you for the well built simulation and design.']
73,['value'],[' p71'],['300'],['1410'],['2'],['Wed Feb 15 2023 19:26:40 GMT-0500 (Eastern Standard Time)'],['Orange'],['Scooter'],['46-55'],['Male'],['Agriculture'],['High_school_degree_or_equivalent'],['1'],['0'],['0'],['0'],['1'],['4'],['none'],,['Yes'],['No thanks. ']
74,['value'],[' p279'],['306'],['2100'],['2'],['Wed Feb 15 2023 19:26:56 GMT-0500 (Eastern Standard Time)'],['Orange'],['Autonomous Scooter'],['26-35'],['Male'],['Liberal Arts'],['High_school_degree_or_equivalent'],['1'],['1'],['1'],['1'],"['1', '2', '3', '4']",['5'],['none'],,['Yes'],['Everything worked fine.']
75,['value'],[' p249'],['308'],['2110'],['2'],['Wed Feb 15 2023 19:26:56 GMT-0500 (Eastern Standard Time)'],['Blue'],['Self-driving scooter'],['46-55'],['Male'],['Technology'],"[""Bachelor's_degree(e.g. BA; BS)""]",['1'],['1'],['1'],['1'],['0'],['4'],['none'],,['Yes'],['Good study.  Thank you.']
76,['value'],[' p78'],['218'],['3200'],['2'],['Fri Feb 10 2023 18:32:20 GMT-0800 (Pacific Standard Time)'],['Orange'],['scooter'],['26-35'],['Male'],['Engineering'],"[""Master's_degree (e.g. MA; MS; MEd)""]",['0'],['1'],['2'],['1'],['1'],['6'],"['Electric_bike', 'Segway']",['5'],['Yes'],
77,['value'],[' p206'],['18'],['2100'],['2'],['Mon Jan 30 2023 13:59:53 GMT-0700 (Mountain Standard Time)'],['Orange'],['Self-steering scooter'],[' 56'],['Male'],['Liberal Arts'],"[""Bachelor's_degree(e.g. BA; BS)""]",['1'],['1'],['1'],['0'],['0'],,['none'],,['Yes'],
78,['value'],[' p45'],['161'],['4301'],['2'],['Fri Feb 10 2023 20:02:53 GMT-0600 (Central Standard Time)'],['Orange'],['self driving scooter'],['36-45'],['Male'],['Medicine'],['Doctoral_degree (e.g. PhD; EdD)'],['1'],['1'],['1'],['1'],['4'],['6'],"['Electricscooter', 'Segway']",['6'],['Yes'],
79,['value'],[' p260'],['200'],['1400'],['2'],['Fri Feb 10 2023 21:25:03 GMT-0500 (Eastern Standard Time)'],['Green'],['scooter'],[' 56'],['Female'],['Liberal Arts'],['High_school_degree_or_equivalent'],['1'],['2'],['1'],['2'],['0'],,['none'],['4'],['Yes'],
80,['value'],[' p27'],['153'],['3201'],['2'],['Fri Feb 10 2023 20:58:28 GMT-0500 (Eastern Standard Time)'],['Orange'],['scooter self driving'],['46-55'],['Female'],['Technology'],"[""Bachelor's_degree(e.g. BA; BS)""]",['2'],['2'],['2'],['2'],['0'],['7'],['none'],['7'],['Yes'],
81,['value'],[' p111'],['130'],['4300'],['2'],['Fri Feb 10 2023 20:35:14 GMT-0500 (Eastern Standard Time)'],['Orange'],['Scooter'],['46-55'],['Female'],"['Other', 'homemaker']",['Associate degree'],['1'],['1'],['2'],['2'],['1'],['6'],['none'],,['Yes'],
82,['value'],[' p131'],['132'],['4310'],['2'],['Fri Feb 10 2023 17:36:43 GMT-0800 (Pacific Standard Time)'],['Orange'],['self-driving scooter'],['18-25'],['Male'],['Technology'],['High_school_degree_or_equivalent'],['1'],['1'],['1'],['1'],['1'],['6'],['Electricscooter'],['6'],['Yes'],
83,['value'],[' p164'],['113'],['2101'],['2'],['Fri Feb 10 2023 20:00:01 GMT-0500 (Eastern Standard Time)'],['Orange'],['scooter'],['26-35'],['Female'],"['Other', 'donation processing']","[""Bachelor's_degree(e.g. BA; BS)""]",['0'],['0'],['1'],['0'],['0'],,['Other'],,['Yes'],
84,['value'],[' p204'],['116'],['2110'],['2'],['Fri Feb 10 2023 19:11:08 GMT-0600 (Central Standard Time)'],['Blue'],['Seld driving '],[' 56'],['Male'],['Liberal Arts'],['Doctoral_degree (e.g. PhD; EdD)'],['2'],['2'],['2'],['2'],['0'],['4'],['none'],['4'],['Yes'],['None']
85,['value'],[' p284'],['236'],['1410'],['2'],['Wed Feb 15 2023 18:24:39 GMT-0600 (Central Standard Time)'],['Orange'],['scooter'],['18-25'],"['Other', 'non-binary']",['Liberal Arts'],"[""Bachelor's_degree(e.g. BA; BS)""]",['1'],['1'],['1'],['0'],['0'],,['Electric_bike'],['5'],['Yes'],
86,['value'],[' p269'],['322'],['4300'],['2'],['Wed Feb 15 2023 19:35:23 GMT-0500 (Eastern Standard Time)'],['Orange'],['Self driving scooter'],['36-45'],['Male'],['Technology'],['High_school_degree_or_equivalent'],['1'],['2'],['2'],['1'],"['1', '4']",['7'],['none'],,['Yes'],['fun and unique study; thank you!']
87,['value'],[' p122'],['15'],['1411'],['2'],['Mon Jan 30 2023 15:54:46 GMT-0500 (Eastern Standard Time)'],['Orange'],['scooter'],['46-55'],['Female'],"['Other', 'homemaker']",['Associate degree'],['1'],['1'],['1'],['2'],['0'],['4'],['none'],['4'],['Yes'],['none']
88,['value'],[' p160'],['98'],['4300'],['2'],['Tue Jan 31 2023 11:24:24 GMT-0700 (Mountain Standard Time)'],['Orange'],['Self-driving scooter'],['46-55'],['Male'],['Science'],"[""Bachelor's_degree(e.g. BA; BS)""]",['1'],['1'],['1'],['1'],['1'],['4'],['none'],['4'],['Yes'],['No.']
89,['value'],[' p305'],['163'],['4301'],['2'],['Fri Feb 10 2023 21:04:02 GMT-0500 (Eastern Standard Time)'],['Orange'],['self-driving scooter'],['18-25'],['Male'],"['Other', 'mechanic']",['Associate degree'],['0'],['0'],['0'],['0'],"['2', '4']",['2'],['none'],,['Yes'],
90,['value'],[' p101'],['131'],['4301'],['2'],['Fri Feb 10 2023 19:35:39 GMT-0600 (Central Standard Time)'],['Orange'],['self-driving scooter'],['26-35'],['Female'],['Medicine'],"[""Bachelor's_degree(e.g. BA; BS)""]",['1'],['1'],['2'],['2'],"['1', '2', '4']",['7'],['Electricscooter'],['7'],['Yes'],['Cool study. The numerous attention checks seemed unnecessary and appeared as if you did not trust your audience; I suggest eliminating some of them. Good luck with the study!']
91,['value'],[' p183'],['7'],['4311'],['2'],['Mon Jan 30 2023 15:04:46 GMT-0500 (Eastern Standard Time)'],['Orange'],['Scooter'],['36-45'],['Female'],['Liberal Arts'],"[""Bachelor's_degree(e.g. BA; BS)""]",['1'],['1'],['1'],['1'],"['1', '2', '4']",['5'],['none'],['4'],['Yes'],
92,['value'],[' p224'],['205'],['1411'],['2'],['Fri Feb 10 2023 20:28:17 GMT-0600 (Central Standard Time)'],['Blue'],['scooter'],['36-45'],['Female'],['Education'],['Less_than_a_high_school_diploma'],['2'],['2'],['2'],['2'],['0'],['4'],['none'],,['Yes'],"[""no except I can't remember the scooter color""]"
93,['value'],[' p231'],['284'],['3210'],['2'],['Wed Feb 15 2023 19:25:33 GMT-0500 (Eastern Standard Time)'],['Green'],['scooter'],['36-45'],['Male'],['Technology'],"[""Bachelor's_degree(e.g. BA; BS)""]",['2'],['1'],['2'],['2'],"['1', '4', '5']",['6'],['Segway'],['6'],['Yes'],['Enjoyed the study!']
94,['value'],[' p106'],['311'],['2111'],['2'],['Wed Feb 15 2023 19:28:10 GMT-0500 (Eastern Standard Time)'],['Orange'],['ATX20 (?)'],['26-35'],['Male'],['Engineering'],['Associate degree'],['1'],['1'],['0'],['1'],"['3', '4']",['5'],"['Electricscooter', 'Electric_bike']",['5'],['Yes'],"[""I don't quite remember the name of the vehicle but I did pay attention to the simulation. Thank you""]"
95,['value'],[' p136'],['252'],['3210'],['2'],['Wed Feb 15 2023 18:24:58 GMT-0600 (Central Standard Time)'],['Blue'],['A little mini scooter robot'],['18-25'],"['Other', 'non binary']",['Technology'],['High_school_degree_or_equivalent'],['2'],['1'],['1'],['2'],['3'],['6'],['Electricscooter'],['6'],['Yes'],['Interesting study; thanks!']
96,['value'],[' p225'],['181'],['2111'],['2'],['Fri Feb 10 2023 18:15:44 GMT-0800 (Pacific Standard Time)'],['Orange'],['scooter'],['26-35'],['Male'],['Engineering'],"[""Bachelor's_degree(e.g. BA; BS)""]",['2'],['2'],['2'],['2'],['4'],['7'],['none'],,['Yes'],['no']
97,['value'],[' p233'],['21'],['2111'],['2'],['Mon Jan 30 2023 16:02:02 GMT-0500 (Eastern Standard Time)'],['Orange'],['Self driving scooter'],['36-45'],['Female'],"['Other', 'Sales']","[""Bachelor's_degree(e.g. BA; BS)""]",['0'],['0'],['0'],['1'],['0'],['4'],['none'],,['Yes'],['It was stressful. I would have stopped at the stop signs.']
98,['value'],[' p303'],['62'],['3210'],['2'],['Mon Jan 30 2023 18:45:20 GMT-0500 (Eastern Standard Time)'],['Orange'],['self-driving scooter'],['36-45'],['Male'],['Technology'],['Associate degree'],['1'],['2'],['2'],['1'],['0'],,['none'],,['Yes'],['no additional feedback']
99,['value'],[' p155'],['19'],['2101'],['2'],['Mon Jan 30 2023 13:00:10 GMT-0800 (Pacific Standard Time)'],['Orange'],['Scooter'],['26-35'],['Male'],['Technology'],"[""Bachelor's_degree(e.g. BA; BS)""]",['2'],['1'],['1'],['2'],['0'],['3'],['none'],['3'],['Yes'],
100,['value'],[' p139'],['150'],['2110'],['2'],['Fri Feb 10 2023 19:55:56 GMT-0600 (Central Standard Time)'],['Blue'],['scooter'],['18-25'],['Male'],['Medicine'],['High_school_degree_or_equivalent'],['1'],['1'],['2'],['2'],['0'],,['none'],,['Yes'],
101,['value'],[' p209'],['310'],['2110'],['2'],['Wed Feb 15 2023 18:27:52 GMT-0600 (Central Standard Time)'],['Orange'],['electric scooter'],['36-45'],['Female'],['Technology'],['Associate degree'],['2'],['2'],['2'],['2'],"['1', '2', '3', '4', '5']",['6'],"['Electricscooter', 'Electric_bike']",['6'],['Yes'],
102,['value'],[' p210'],['258'],['4300'],['2'],['Wed Feb 15 2023 19:25:09 GMT-0500 (Eastern Standard Time)'],['Orange'],['self driving scooter'],['46-55'],['Female'],"['Other', 'studied liberal arts; but occupation in home repair']","[""Bachelor's_degree(e.g. BA; BS)""]",['2'],['1'],['1'],['2'],['0'],['4'],['none'],,['Yes'],
103,['value'],[' p16'],['304'],['2100'],['2'],['Wed Feb 15 2023 18:26:17 GMT-0600 (Central Standard Time)'],['Orange'],['Scooter'],['46-55'],['Female'],['Education'],['High_school_degree_or_equivalent'],['2'],['2'],['2'],['2'],['1'],['7'],['Segway'],['7'],['Yes'],['Great and fun study! I actually watch a delivery robot on tiktok =) such awesome technology!']
104,['value'],[' p87'],['164'],['4310'],['2'],['Fri Feb 10 2023 20:04:22 GMT-0600 (Central Standard Time)'],['Orange'],['Autonomous Scooter'],['26-35'],['Male'],['Liberal Arts'],"['Other', 'Some University/ College']",['2'],['2'],['2'],['2'],['2'],['7'],['Electric_skateboard_similar'],['4'],['Yes'],['Clarification on road crossing procedures/ laws somewhere in the survey would be welcomed. Different areas have different laws and rules regarding the crossing and relation to pedestrians riding on sidewalks.']
105,['value'],[' p219'],['106'],['1400'],['2'],['Tue Jan 31 2023 10:24:58 GMT-0800 (Pacific Standard Time)'],['Orange'],['scooter'],['26-35'],['Female'],"['Other', 'Warehouse']",['High_school_degree_or_equivalent'],['1'],['1'],['2'],['1'],['4'],['7'],['Segway'],['4'],['Yes'],
106,['value'],[' p56'],['318'],['3210'],['2'],['Wed Feb 15 2023 18:32:18 GMT-0600 (Central Standard Time)'],['Blue'],['self-driving scooter'],['26-35'],['Male'],['Technology'],"[""Master's_degree (e.g. MA; MS; MEd)""]",['2'],['2'],['2'],['2'],"['1', '2', '4']",['7'],['none'],,['Yes'],['N/a']
107,['value'],[' p212'],['253'],['3211'],['2'],['Wed Feb 15 2023 16:25:17 GMT-0800 (Pacific Standard Time)'],['Orange'],['scooter'],['36-45'],['Male'],"['Other', 'healthcare']",['High_school_degree_or_equivalent'],['1'],['2'],['2'],['2'],['0'],['7'],['none'],['7'],['Yes'],['thank you']
108,['value'],[' p214'],['110'],['1410'],['2'],['Tue Jan 31 2023 13:29:21 GMT-0500 (Eastern Standard Time)'],['Orange'],['Self driving scooter'],['36-45'],['Male'],['Technology'],['High_school_degree_or_equivalent'],['1'],['1'],['1'],['1'],['4'],['4'],['none'],,['Yes'],['No.']
109,['value'],[' p108'],['109'],['1411'],['2'],['Tue Jan 31 2023 10:28:20 GMT-0800 (Pacific Standard Time)'],['Orange'],['Autonomous sidewalk mobility vehicle'],['36-45'],['Male'],['Agriculture'],['Associate degree'],['2'],['1'],['2'],['2'],['1'],['6'],['none'],['6'],['Yes'],['The study was fine. Thank you.']
110,['value'],[' p48'],['133'],['4311'],['2'],['Fri Feb 10 2023 20:37:20 GMT-0500 (Eastern Standard Time)'],['Orange'],['self driving sidewalk vehicle'],['36-45'],['Male'],['Technology'],"[""Master's_degree (e.g. MA; MS; MEd)""]",['1'],['1'],['2'],['0'],"['2', '4']",['6'],['none'],['4'],['Yes'],['None']
111,['value'],[' p242'],['155'],['3201'],['2'],['Fri Feb 10 2023 18:59:12 GMT-0700 (Mountain Standard Time)'],['Blue'],['scooter'],['36-45'],['Male'],['Liberal Arts'],"[""Master's_degree (e.g. MA; MS; MEd)""]",['1'],['1'],['1'],['1'],['0'],,['none'],,['Yes'],['The delivery robots seemed pretty aggressive!']
112,['value'],[' p68'],['58'],['3200'],['2'],['Mon Jan 30 2023 17:44:01 GMT-0600 (Central Standard Time)'],['Blue'],['Self driving scooter'],['26-35'],['Female'],['Technology'],"[""Bachelor's_degree(e.g. BA; BS)""]",['1'],['1'],['2'],['2'],['1'],['5'],"['Electricscooter', 'Electric_skateboard_similar']",['5'],['Yes'],
113,['value'],[' p311'],['202'],['1400'],['2'],['Fri Feb 10 2023 21:27:43 GMT-0500 (Eastern Standard Time)'],['Orange'],['autonomous sidewalk mobility vehicle; basically a self driving scooter'],['36-45'],['Male'],['Mathematics'],"[""Master's_degree (e.g. MA; MS; MEd)""]",['2'],['2'],['1'],['1'],"['1', '2', '4']",['7'],['none'],['4'],['Yes'],"[""The attention checks were overboard. Asking the commit to quality answers that late in the study was shady. The study length is confusing as Prolific says ten minutes; you say twenty minutes then you increase it to 20-30 minutes. The one part of the study says it will take 12 minutes; but was a lot faster than that.  You introduce cars and human pedestrians but then strangely never use them.  All in all it seemed like it would be a cool study initially; but honestly was not a very enjoyable experience. The survey questions were too monotonous especially asking if I was worried twice per break.   The delivery robot was yellow; but that isn't even an option on this page so I went orange.""]"
114,['value'],[' p253'],['295'],['4311'],['2'],['Wed Feb 15 2023 19:25:38 GMT-0500 (Eastern Standard Time)'],['Orange'],['self-driving scooter'],['46-55'],['Female'],['Technology'],['High_school_degree_or_equivalent'],['1'],['1'],['2'],['1'],"['1', '4']",['6'],['none'],,['Yes'],['No; everything was fine.']
115,['value'],[' p94'],['324'],['4310'],['2'],['Wed Feb 15 2023 19:02:46 GMT-0600 (Central Standard Time)'],['Orange'],['ai driven scooter'],['36-45'],['Male'],"['Other', 'gig worker']",['High_school_degree_or_equivalent'],['1'],['2'],['2'],['2'],['0'],['4'],['none'],,['Yes'],
116,['value'],[' p73'],['216'],['3200'],['2'],['Fri Feb 10 2023 21:31:49 GMT-0500 (Eastern Standard Time)'],['Orange'],['scooter'],['46-55'],['Female'],"['Other', 'disability']",['Associate degree'],['1'],['0'],['0'],['1'],['1'],['6'],"['Electricscooter', 'Segway']",['7'],['Yes'],['No']
117,['value'],[' p107'],['217'],['3201'],['2'],['Fri Feb 10 2023 21:31:51 GMT-0500 (Eastern Standard Time)'],['Orange'],['auto scooter'],['46-55'],['Female'],"['Other', 'retail']","['Other', 'some college']",['1'],['1'],['1'],['1'],['1'],['4'],['none'],['4'],['Yes'],"[""The study questions weren't very easy to follow; seems as though the questions didn't fit. Very awkward; I actually stayed confused most of the time but I did answer as honestly as I could. Thanks for the opportunity.""]"
118,['value'],[' p127'],['176'],['2100'],['2'],['Fri Feb 10 2023 19:12:18 GMT-0700 (Mountain Standard Time)'],['Orange'],['self driving scooter'],['26-35'],['Female'],['Science'],"[""Bachelor's_degree(e.g. BA; BS)""]",['2'],['1'],['1'],['1'],"['1', '2', '4']",['6'],['Electricscooter'],['5'],['Yes'],
119,['value'],[' p241'],['168'],['1400'],['2'],['Fri Feb 10 2023 20:05:59 GMT-0600 (Central Standard Time)'],['Orange'],['self driving scooter'],['46-55'],['Female'],"['Other', 'nursing']","[""Bachelor's_degree(e.g. BA; BS)""]",['1'],['2'],['1'],['1'],"['1', '2', '3', '4']",['7'],"['Electricscooter', 'Electric_bike']",['7'],['Yes'],"[""If I didn't think I would fall off and kill myself; I would want one now.  My kids would definitely want one now. ""]"
120,['value'],[' p63'],['55'],['2111'],['2'],['Mon Jan 30 2023 16:42:33 GMT-0700 (Mountain Standard Time)'],['Orange'],['Self-driving Scooter'],['18-25'],['Female'],['Technology'],['High_school_degree_or_equivalent'],['1'],['1'],['1'],['1'],['4'],['6'],['none'],,['Yes'],['None']
121,['value'],[' p185'],['5'],['4311'],['2'],['Fri Jan 27 2023 19:13:52 GMT-0800 (Pacific Standard Time)'],['Orange'],['scooter'],['26-35'],['Female'],"['Other', 'business']","[""Bachelor's_degree(e.g. BA; BS)""]",['1'],['1'],['2'],['2'],"['1', '4', '5']",['5'],['none'],,['Yes'],['no']
122,['value'],[' p193'],['254'],['3210'],['2'],['Wed Feb 15 2023 16:24:57 GMT-0800 (Pacific Standard Time)'],['Orange'],['Scooter'],['46-55'],['Male'],['Engineering'],"[""Bachelor's_degree(e.g. BA; BS)""]",['1'],['1'],['1'],['1'],"['1', '4']",['6'],"['Electricscooter', 'Electric_bike']",['6'],['Yes'],
123,['value'],[' p165'],['272'],['2100'],['2'],['Wed Feb 15 2023 19:25:15 GMT-0500 (Eastern Standard Time)'],['Orange'],['self drive scooter'],[' 56'],['Female'],"['Other', 'homemaker']",['High_school_degree_or_equivalent'],['1'],['1'],['1'],['2'],['0'],,['none'],,['Yes'],['none']
124,['value'],[' p3'],['281'],['3201'],['2'],['Wed Feb 15 2023 19:25:18 GMT-0500 (Eastern Standard Time)'],['Orange'],['scooter'],['36-45'],['Male'],"['Other', 'business']","[""Bachelor's_degree(e.g. BA; BS)""]",['0'],['0'],['0'],['0'],['1'],['1'],['none'],,['Yes'],"[""There is absolutely nothing appealing about this to me. I'd rather just walk like a normal person and keep complete control of my movement. In terms of driving; I'd rather maintain complete control of my vehicle too rather than trusting AI.""]"
125,['value'],[' p100'],['145'],['2101'],['2'],['Fri Feb 10 2023 20:52:56 GMT-0500 (Eastern Standard Time)'],['Orange'],['self driving scooter'],['26-35'],['Female'],['Education'],"[""Master's_degree (e.g. MA; MS; MEd)""]",['1'],['1'],['1'],['0'],"['1', '4']",['3'],['Electricscooter'],['5'],['Yes'],
126,['value'],[' p159'],['88'],['3200'],['2'],['Tue Jan 31 2023 13:24:12 GMT-0500 (Eastern Standard Time)'],['Orange'],['Self driving Scooter'],['36-45'],['Male'],"['Other', 'Government']","[""Master's_degree (e.g. MA; MS; MEd)""]",['2'],['2'],['2'],['2'],"['1', '2', '4', '5']",['7'],"['Electricscooter', 'Electric_bike']",['6'],['Yes'],"['The type in section ""what vehicle did you ride"" will not let you type anything in unless you exit from full window mode. ']"
127,['value'],[' p205'],['221'],['3211'],['2'],['Fri Feb 10 2023 21:37:45 GMT-0500 (Eastern Standard Time)'],['Orange'],['blue'],[' 56'],['Female'],['Liberal Arts'],"[""Master's_degree (e.g. MA; MS; MEd)""]",['1'],['1'],['1'],['1'],['0'],,['none'],,['Yes'],"[""Some of the questions are confusing. I wasn't sure what it meant to say the event worked.""]"
128,['value'],[' p75'],['189'],['3211'],['2'],['Fri Feb 10 2023 19:20:14 GMT-0700 (Mountain Standard Time)'],['Blue'],['scooter'],['36-45'],['Female'],['Education'],['Associate degree'],['1'],['2'],['2'],['2'],['0'],['4'],['none'],['4'],['No'],
129,['value'],[' p148'],['260'],['4310'],['2'],['Wed Feb 15 2023 17:25:03 GMT-0700 (Mountain Standard Time)'],['Blue'],['self-driving scooter'],['26-35'],"['Other', 'Non-binary']",['Science'],"[""Master's_degree (e.g. MA; MS; MEd)""]",['1'],['1'],['1'],['1'],['0'],,['Electricscooter'],['3'],['Yes'],
130,['value'],[' p298'],['178'],['2100'],['2'],['Sat Feb 11 2023 02:14:01 GMT-0800 (Pacific Standard Time)'],['Blue'],['self drive robot'],[' 56'],['Male'],['Engineering'],"[""Bachelor's_degree(e.g. BA; BS)""]",['1'],['1'],['1'],['2'],"['2', '3']",['5'],"['Electricscooter', 'Electric_bike']",['5'],['Yes'],['GOOD SURVEY']
131,['value'],[' p123'],['24'],['3200'],['2'],['Mon Jan 30 2023 16:54:44 GMT-0600 (Central Standard Time)'],['Orange'],['Self driving Scooter'],[' 56'],['Female'],['Liberal Arts'],['Associate degree'],['1'],['2'],['1'],['2'],['0'],['4'],['none'],['4'],['Yes'],
132,['value'],[' p154'],['79'],['1411'],['2'],['Mon Jan 30 2023 16:30:26 GMT-0800 (Pacific Standard Time)'],['Orange'],['Scooter'],['18-25'],['Male'],['Liberal Arts'],['High_school_degree_or_equivalent'],['1'],['1'],['2'],['0'],['0'],['4'],['none'],,['Yes'],
133,['value'],[' p309'],['291'],['4301'],['2'],['Wed Feb 15 2023 19:25:29 GMT-0500 (Eastern Standard Time)'],['Orange'],['self-driving scooter'],['36-45'],['Male'],"['Other', 'hospitality']",['Associate degree'],['1'],['2'],['2'],['2'],['0'],,"['Electricscooter', 'Segway']",['6'],['Yes'],['This was interesting. Overall; I trusted the scooter more than the delivery robots. ']
134,['value'],[' p198'],['64'],['4300'],['2'],['Mon Jan 30 2023 17:47:10 GMT-0600 (Central Standard Time)'],['Orange'],['scooter'],['18-25'],['Male'],['Engineering'],"[""Bachelor's_degree(e.g. BA; BS)""]",['1'],['1'],['1'],['1'],"['1', '4']",['6'],"['Electricscooter', 'Segway']",['5'],['Yes'],
135,['value'],[' p237'],['39'],['4311'],['2'],['Mon Jan 30 2023 17:31:37 GMT-0600 (Central Standard Time)'],['Orange'],['self driving scooter'],['26-35'],['Male'],['Technology'],"[""Bachelor's_degree(e.g. BA; BS)""]",['0'],['1'],['1'],['1'],['3'],['4'],['Electricscooter'],['5'],['Yes'],['No feedback.']
136,['value'],[' p203'],['320'],['4300'],['2'],['Wed Feb 15 2023 16:35:10 GMT-0800 (Pacific Standard Time)'],['Orange'],['Self-driving scooter'],['46-55'],['Female'],['Engineering'],"[""Bachelor's_degree(e.g. BA; BS)""]",['1'],['1'],['1'],['1'],['1'],['4'],['Electricscooter'],['4'],['Yes'],
137,['value'],[' p162'],['219'],['3201'],['2'],['Fri Feb 10 2023 21:34:32 GMT-0500 (Eastern Standard Time)'],['Green'],['Scooter'],['26-35'],['Male'],"['Other', 'Statistics']","[""Bachelor's_degree(e.g. BA; BS)""]",['2'],['1'],['2'],['1'],"['1', '2', '4']",['7'],['Electric_bike'],['6'],['Yes'],
138,['value'],[' p57'],['226'],['4300'],['2'],['Wed Feb 15 2023 16:24:18 GMT-0800 (Pacific Standard Time)'],['Orange'],['scooter'],['26-35'],['Male'],['Engineering'],"[""Bachelor's_degree(e.g. BA; BS)""]",['0'],['1'],['2'],['1'],"['1', '2', '3', '4', '5']",['7'],"['Electricscooter', 'Electric_bike', 'Segway']",['6'],['Yes'],
139,['value'],[' p74'],['298'],['1400'],['2'],['Wed Feb 15 2023 19:25:59 GMT-0500 (Eastern Standard Time)'],['Orange'],['self riding scooter'],['36-45'],['Female'],"['Other', 'retail']",['Less_than_a_high_school_diploma'],['1'],['2'],['1'],['1'],['3'],['7'],['none'],['4'],['Yes'],
140,['value'],[' p17'],['14'],['1410'],['2'],['Mon Jan 30 2023 14:54:41 GMT-0600 (Central Standard Time)'],['Blue'],['A segway type of vehicle'],['18-25'],['Male'],"['Other', 'Automotive']",['Associate degree'],['1'],['0'],['2'],['2'],['0'],['6'],['none'],['6'],['Yes'],['I enjoyed this study very interesting']
141,['value'],[' p156'],['26'],['3200'],['2'],['Mon Jan 30 2023 15:11:14 GMT-0800 (Pacific Standard Time)'],['Orange'],['self driving scooter'],['26-35'],['Male'],['Technology'],"[""Bachelor's_degree(e.g. BA; BS)""]",['1'],['2'],['2'],['2'],['0'],,['Electricscooter'],['7'],['Yes'],['N/A']
142,['value'],[' p266'],['118'],['2110'],['2'],['Fri Feb 10 2023 17:22:17 GMT-0800 (Pacific Standard Time)'],['Orange'],['Self Driving Scooter'],['18-25'],['Female'],['Science'],['High_school_degree_or_equivalent'],['1'],['1'],['1'],['1'],['0'],,['Electricscooter'],['6'],['Yes'],
143,['value'],[' p145'],['190'],['3210'],['2'],['Fri Feb 10 2023 20:20:36 GMT-0600 (Central Standard Time)'],['Orange'],['self driving scooter'],['46-55'],['Female'],['Technology'],"[""Bachelor's_degree(e.g. BA; BS)""]",['1'],['1'],['1'],['1'],['4'],['5'],"['Electricscooter', 'Segway']",['7'],['Yes'],
144,['value'],[' p54'],['99'],['4301'],['2'],['Tue Jan 31 2023 13:24:24 GMT-0500 (EST)'],['Orange'],['self driving scooter'],[' 56'],['Female'],"['Other', 'art/design']","[""Bachelor's_degree(e.g. BA; BS)""]",['0'],['0'],['1'],['1'],['4'],,['Other'],['4'],['Yes'],
145,['value'],[' p273'],['288'],['4300'],['2'],['Wed Feb 15 2023 16:25:21 GMT-0800 (Pacific Standard Time)'],['Green'],['e-scooter'],['36-45'],['Male'],['Technology'],"[""Bachelor's_degree(e.g. BA; BS)""]",['1'],['1'],['1'],['2'],['1'],['5'],"['Electricscooter', 'Electric_bike']",['6'],['Yes'],['Thanks']
146,['value'],[' p199'],['74'],['1400'],['2'],['Mon Jan 30 2023 18:52:53 GMT-0500 (Eastern Standard Time)'],['Orange'],['self driving scooter'],['46-55'],['Female'],['Technology'],"[""Bachelor's_degree(e.g. BA; BS)""]",['1'],['2'],['2'],['2'],['1'],['5'],['none'],['4'],['Yes'],
147,['value'],[' p64'],['142'],['1410'],['2'],['Fri Feb 10 2023 17:46:02 GMT-0800 (Pacific Standard Time)'],['Orange'],['Self driving scooter'],['18-25'],['Male'],['Technology'],"[""Bachelor's_degree(e.g. BA; BS)""]",['1'],['2'],['1'],['2'],['0'],['4'],['Other'],['4'],['Yes'],['Very lame survey hosting. Too many loading required; and the surveys that interrupted in between the video disrupted the immersive experience of the video. The robotic voice of the scooter was also disrupting; there is no need to say what the scooter will do. It would be better if there were signal lights on a dashboard of the scooter.']
148,['value'],[' p114'],['102'],['4310'],['2'],['Tue Jan 31 2023 11:24:26 GMT-0700 (Mountain Standard Time)'],['Orange'],['self driving scooter'],['18-25'],['Female'],['Liberal Arts'],['High_school_degree_or_equivalent'],['0'],['1'],['1'],['1'],['0'],['4'],['none'],,['Yes'],['No feedback']
149,['value'],[' p285'],['11'],['1401'],['2'],['Mon Jan 30 2023 15:42:26 GMT-0500 (Eastern Standard Time)'],['Orange'],['self-driving scooter'],['26-35'],['Male'],['Education'],"[""Master's_degree (e.g. MA; MS; MEd)""]",['1'],['1'],['2'],['2'],"['1', '2', '3', '4']",['7'],['Electricscooter'],['6'],['Yes'],
150,['value'],[' p295'],['199'],['4311'],['2'],['Fri Feb 10 2023 21:25:04 GMT-0500 (Eastern Standard Time)'],['Green'],['self-driving scooter'],['18-25'],['Female'],['Education'],"[""Bachelor's_degree(e.g. BA; BS)""]",['1'],['0'],['0'],['0'],"['1', '2', '4']",['3'],"['Electricscooter', 'Segway']",['6'],['Yes'],
151,['value'],[' p59'],['160'],['4300'],['2'],['Fri Feb 10 2023 21:02:16 GMT-0500 (Eastern Standard Time)'],['Blue'],['Scooter'],['36-45'],['Male'],"['Other', 'Finance']","[""Bachelor's_degree(e.g. BA; BS)""]",['1'],['1'],['1'],['1'],"['1', '2', '4']",['5'],['none'],['4'],['Yes'],['No']
152,['value'],[' p202'],['265'],['1401'],['2'],['Wed Feb 15 2023 16:25:09 GMT-0800 (Pacific Standard Time)'],['Orange'],['electric scooter'],['18-25'],['Male'],['Liberal Arts'],['Associate degree'],['1'],['2'],['2'],['1'],"['1', '4']",['7'],"['Electricscooter', 'Electric_bike']",['7'],['Yes'],
153,['value'],[' p102'],['66'],['4300'],['2'],['Mon Jan 30 2023 17:49:18 GMT-0600 (Central Standard Time)'],['Blue'],['self-driving scooter'],['36-45'],['Female'],['Liberal Arts'],"[""Bachelor's_degree(e.g. BA; BS)""]",['1'],['1'],['1'],['1'],['1'],['6'],['none'],,['Yes'],
154,['value'],[' p79'],['302'],['1410'],['2'],['Wed Feb 15 2023 17:26:12 GMT-0700 (Mountain Standard Time)'],['Orange'],['self driving scooter'],['36-45'],['Male'],"['Other', 'banking']","[""Bachelor's_degree(e.g. BA; BS)""]",['1'],['1'],['2'],['1'],['2'],['5'],['none'],,['Yes'],['no issues; was fun and interesting; thanks']
155,['value'],[' p9'],['94'],['3210'],['2'],['Tue Jan 31 2023 13:24:22 GMT-0500 (Eastern Standard Time)'],['Orange'],['scooter'],['46-55'],['Male'],"['Other', 'finance']","[""Bachelor's_degree(e.g. BA; BS)""]",['0'],['0'],['0'],['0'],['0'],['1'],['none'],['1'],['Yes'],['Self driving vehicles will never be mainstream. The companies that make these devices will be sued out of existence once more people start dying while using them. The concept is interesting however as I said; the companies will be destroyed by lawsuits. ']
156,['value'],[' p20'],['183'],['2111'],['2'],['Fri Feb 10 2023 21:16:35 GMT-0500 (Colombia Standard Time)'],['Blue'],['self driving scooter'],[' 56'],['Male'],"['Other', 'business management and administration']","[""Master's_degree (e.g. MA; MS; MEd)""]",['1'],['2'],['2'],['2'],"['2', '5']",['5'],['Electric_bike'],['5'],['Yes'],['it was a good study and i enjoyed riding the self driving scooter']
157,['value'],[' p72'],['171'],['1401'],['2'],['Fri Feb 10 2023 20:07:57 GMT-0600 (Central Standard Time)'],['Orange'],['Scooter'],['36-45'],['Female'],['Education'],"[""Bachelor's_degree(e.g. BA; BS)""]",['2'],['1'],['1'],['2'],"['1', '4']",['7'],"['Electric_skateboard_similar', 'none']",['7'],['Yes'],
158,['value'],[' p35'],['83'],['2101'],['2'],['Tue Jan 31 2023 12:24:07 GMT-0600 (Central Standard Time)'],['Orange'],['scooter'],['18-25'],['Male'],"['Other', 'Construction']",['High_school_degree_or_equivalent'],['1'],['1'],['2'],['1'],['1'],['6'],"['Electricscooter', 'Segway']",['7'],['Yes'],['I had no issues while completing this study.']
159,['value'],[' p33'],['36'],['4310'],['2'],['Mon Jan 30 2023 18:29:55 GMT-0500 (Eastern Standard Time)'],['Orange'],['scooter'],['26-35'],['Female'],['Education'],"[""Master's_degree (e.g. MA; MS; MEd)""]",['1'],['2'],['2'],['1'],['0'],['4'],['none'],['4'],['Yes'],['none']
160,['value'],[' p220'],['9'],['1401'],['2'],['Mon Jan 30 2023 14:19:25 GMT-0600 (Central Standard Time)'],['Orange'],['scooter'],['46-55'],['Female'],"['Other', 'Retail']",['Associate degree'],['1'],['0'],['1'],['1'],['1'],['7'],['Electric_bike'],['6'],['Yes'],
161,['value'],[' p117'],['67'],['4301'],['2'],['Mon Jan 30 2023 15:49:51 GMT-0800 (Pacific Standard Time)'],['Orange'],['Motorized Segway'],['18-25'],['Female'],['Technology'],['High_school_degree_or_equivalent'],['1'],['1'],['1'],['2'],"['2', '3']",['6'],"['Electricscooter', 'Electric_bike', 'Segway']",['7'],['No'],['No']
162,['value'],[' p194'],['283'],['3201'],['2'],['Wed Feb 15 2023 18:25:22 GMT-0600 (Central Standard Time)'],['Orange'],['e-scooter'],['36-45'],['Female'],['Medicine'],"[""Bachelor's_degree(e.g. BA; BS)""]",['1'],['1'],['1'],['1'],['0'],,['none'],,['Yes'],['no']
163,['value'],[' p230'],['152'],['3200'],['2'],['Fri Feb 10 2023 15:56:16 GMT-1000 (Hawaii-Aleutian Standard Time)'],['Orange'],['Self Driving Scooter'],['18-25'],['Female'],['Agriculture'],"[""Bachelor's_degree(e.g. BA; BS)""]",['1'],['0'],['1'],['0'],['0'],,['none'],,['Yes'],
164,['value'],[' p258'],['270'],['1410'],['2'],['Wed Feb 15 2023 19:25:11 GMT-0500 (Eastern Standard Time)'],['Orange'],['scooter'],['26-35'],['Male'],"['Other', 'unemployed']",['High_school_degree_or_equivalent'],['1'],['2'],['1'],['2'],['0'],,['none'],,['Yes'],['n/a']
165,['value'],[' p76'],['17'],['2101'],['2'],['Mon Jan 30 2023 15:59:34 GMT-0500 (Eastern Standard Time)'],['Orange'],['automonous scooter'],['46-55'],['Female'],['Medicine'],"['Other', 'some college']",['1'],['1'],['1'],['2'],['0'],,['none'],,['Yes'],['n/a']
166,['value'],[' p26'],['278'],['2110'],['2'],['Wed Feb 15 2023 19:25:17 GMT-0500 (Eastern Standard Time)'],['Blue'],['self driving scooter'],['36-45'],['Male'],"['Other', 'Media and design']","[""Bachelor's_degree(e.g. BA; BS)""]",['1'],['1'],['1'],['2'],['1'],['5'],['Electric_bike'],['5'],['Yes'],
167,['value'],[' p264'],['49'],['2101'],['2'],['Mon Jan 30 2023 18:38:47 GMT-0500 (Eastern Standard Time)'],['Orange'],['Self Driving Scooter'],['36-45'],['Male'],['Engineering'],['Associate degree'],['1'],['0'],['1'],['1'],"['2', '4']",['1'],['none'],['4'],['Yes'],
168,['value'],[' p149'],['296'],['1400'],['2'],['Wed Feb 15 2023 18:25:40 GMT-0600 (Central Standard Time)'],['Orange'],['scooter'],['18-25'],['Male'],"['Other', 'N/A']",['High_school_degree_or_equivalent'],['0'],['0'],['0'],['0'],['0'],['3'],['Segway'],['5'],['Yes'],
169,['value'],[' p104'],['23'],['2111'],['2'],['Mon Jan 30 2023 16:04:32 GMT-0500 (Eastern Standard Time)'],['Orange'],['E scooter'],['46-55'],['Female'],['Liberal Arts'],"[""Bachelor's_degree(e.g. BA; BS)""]",['1'],['1'],['2'],['1'],"['2', '4']",['6'],['none'],,['Yes'],
170,['value'],[' p261'],['186'],['3200'],['2'],['Fri Feb 10 2023 18:19:53 GMT-0800 (Pacific Standard Time)'],['Orange'],['self driving scooter'],['18-25'],['Male'],['Agriculture'],['Less_than_a_high_school_diploma'],['0'],['1'],['1'],['0'],['0'],['4'],"['Electricscooter', 'Segway']",['7'],['Yes'],
171,['value'],[' p310'],['326'],['4310'],['2'],['Wed Feb 15 2023 19:07:38 GMT-0600 (Central Standard Time)'],['Orange'],['Scooter'],['26-35'],['Female'],"['Other', 'NA']",['High_school_degree_or_equivalent'],['1'],['2'],['2'],['2'],['0'],,['none'],,['Yes'],['Very interesting; I enjoyed it']
172,['value'],[' p263'],['301'],['1411'],['2'],['Wed Feb 15 2023 18:26:06 GMT-0600 (Central Standard Time)'],['Orange'],['scooter'],['18-25'],['Female'],['Liberal Arts'],"[""Bachelor's_degree(e.g. BA; BS)""]",['1'],['2'],['2'],['1'],"['1', '2', '3', '4', '5']",['6'],['none'],['4'],['Yes'],
173,['value'],[' p270'],['274'],['2100'],['2'],['Wed Feb 15 2023 18:25:13 GMT-0600 (Central Standard Time)'],['Orange'],['dscooter'],['46-55'],['Male'],"['Other', 'travel']",['High_school_degree_or_equivalent'],['1'],['1'],['1'],['1'],['1'],['6'],['none'],['4'],['Yes'],
174,['value'],[' p280'],['309'],['2111'],['2'],['Wed Feb 15 2023 18:27:40 GMT-0600 (Central Standard Time)'],['Orange'],['scooter'],['46-55'],['Male'],"['Other', 'homemaker']",['High_school_degree_or_equivalent'],['1'],['2'],['2'],['2'],['0'],,['none'],,['Yes'],"[""I wasn't sure if I was supposed to indicate stop at the stop signs.  I just kind of ignored them if there was no traffic.""]"
175,['value'],[' p221'],['184'],['3200'],['2'],['Fri Feb 10 2023 21:16:54 GMT-0500 (Eastern Standard Time)'],['Orange'],['scooter'],['26-35'],['Female'],"['Other', 'healthcare']","['Other', 'trade school']",['0'],['0'],['1'],['2'],"['4', '5']",['7'],['none'],['4'],['Yes'],['none.']
176,['value'],[' p292'],['119'],['2111'],['2'],['Fri Feb 10 2023 20:24:28 GMT-0500 (Eastern Standard Time)'],['Orange'],['scooter'],['18-25'],"['Other', 'Non=Binary']",['Liberal Arts'],['High_school_degree_or_equivalent'],['1'],['1'],['1'],['1'],['0'],['7'],['none'],,['No'],
177,['value'],[' p171'],['262'],['4310'],['2'],['Wed Feb 15 2023 16:25:05 GMT-0800 (Pacific Standard Time)'],['Orange'],['e scooter'],[' 56'],['Male'],['Technology'],"[""Master's_degree (e.g. MA; MS; MEd)""]",['2'],['2'],['2'],['2'],['0'],,['none'],,['Yes'],
178,['value'],[' p158'],['234'],['1400'],['2'],['Wed Feb 15 2023 18:24:35 GMT-0600 (Central Standard Time)'],['Orange'],['Scooter'],['26-35'],['Male'],"['Other', 'Retail']",['High_school_degree_or_equivalent'],['1'],['1'],['1'],['2'],['1'],['5'],"['Electricscooter', 'Electric_bike']",['7'],['Yes'],['It was a fun experiment to engage in; although it would be interesting if it was more interactive and you actually could stop/brake']
179,['value'],[' p97'],['44'],['1410'],['2'],['Mon Jan 30 2023 17:34:35 GMT-0600 (Central Standard Time)'],['Orange'],['self-driving scooter'],['46-55'],['Female'],['Liberal Arts'],['Doctoral_degree (e.g. PhD; EdD)'],['1'],['1'],['1'],['1'],"['1', '4']",['6'],['none'],,['Yes'],['no; thanks']
180,['value'],[' p34'],['212'],['2110'],['2'],['Fri Feb 10 2023 21:31:11 GMT-0500 (Eastern Standard Time)'],['Orange'],['scooter'],[' 56'],['Male'],['Liberal Arts'],"[""Bachelor's_degree(e.g. BA; BS)""]",['1'],['1'],['1'],['1'],['1'],['6'],['Electricscooter'],['7'],['Yes'],['Very interesting! I enjoyed this exercise a lot!']
181,['value'],[' p8'],['37'],['4311'],['2'],['Mon Jan 30 2023 17:31:16 GMT-0600 (Central Standard Time)'],['Orange'],['Scooter'],['26-35'],['Male'],"['Other', 'Culinary Arts']",['Associate degree'],['1'],['1'],['1'],['1'],['0'],,['none'],,['Yes'],
182,['value'],[' p89'],['321'],['4301'],['2'],['Wed Feb 15 2023 19:35:17 GMT-0500 (Eastern Standard Time)'],['Orange'],['A self driving scooter'],['36-45'],['Male'],"['Other', 'construction']",['High_school_degree_or_equivalent'],['1'],['0'],['0'],['0'],['1'],['4'],['none'],['4'],['Yes'],['Everything was fine. All was clear and worked as it should.']
183,['value'],[' p235'],['243'],['2101'],['2'],['Wed Feb 15 2023 16:24:47 GMT-0800 (Pacific Standard Time)'],['Orange'],['electric scooter'],['26-35'],['Female'],['Science'],['High_school_degree_or_equivalent'],['1'],['1'],['2'],['1'],"['1', '4']",['7'],['Electricscooter'],['5'],['Yes'],['I thought the study was fun']
184,['value'],[' p268'],['38'],['4310'],['2'],['Mon Jan 30 2023 17:31:34 GMT-0600 (Central Standard Time)'],['Blue'],['Self Service Vehicle'],[' 56'],['Female'],"['Other', 'Public Service']","[""Bachelor's_degree(e.g. BA; BS)""]",['2'],['1'],['2'],['2'],"['2', '4']",['6'],['none'],,['No'],
185,['value'],[' p147'],['235'],['1401'],['2'],['Wed Feb 15 2023 16:24:39 GMT-0800 (Pacific Standard Time)'],['Orange'],['scooter'],['26-35'],['Male'],"['Other', 'Finance']","[""Bachelor's_degree(e.g. BA; BS)""]",['1'],['1'],['1'],['1'],"['1', '3', '4']",['5'],['none'],,['Yes'],['No. Thank you.']
186,['value'],[' p129'],['75'],['1401'],['2'],['Mon Jan 30 2023 18:53:54 GMT-0500 (Eastern Standard Time)'],['Orange'],['E-Scooter'],['18-25'],['Male'],['Medicine'],['High_school_degree_or_equivalent'],['1'],['1'],['0'],['1'],['0'],['4'],['none'],['4'],['Yes'],['it was fun :)']
187,['value'],[' p115'],['231'],['4311'],['2'],['Wed Feb 15 2023 19:24:25 GMT-0500 (Eastern Standard Time)'],['Orange'],['self-driving scooter'],[' 56'],['Female'],['Education'],"[""Master's_degree (e.g. MA; MS; MEd)""]",['2'],['2'],['2'],['2'],['0'],,['none'],,['Yes'],['It seemed to me as I went along that the rule of the road was that robots stopped for other vehicles; but I noticed that my scooter stopped on its own in the last scenario despite my decision to keep going. That makes me feel like the scooter is safe. ']
188,['value'],[' p134'],['268'],['1410'],['2'],['Wed Feb 15 2023 18:25:13 GMT-0600 (Central Standard Time)'],['Orange'],['a scooter'],['26-35'],['Female'],['Science'],"[""Bachelor's_degree(e.g. BA; BS)""]",['1'],['0'],['1'],['1'],['1'],['6'],['none'],,['Yes'],
189,['value'],[' p124'],['149'],['2111'],['2'],['Fri Feb 10 2023 19:55:22 GMT-0600 (Central Standard Time)'],['Orange'],['Self driving scooter that looks like a segue'],['18-25'],['Male'],['Liberal Arts'],"[""Bachelor's_degree(e.g. BA; BS)""]",['0'],['0'],['1'],['0'],['0'],['4'],['none'],,['Yes'],
190,['value'],[' p103'],['203'],['1401'],['2'],['Fri Feb 10 2023 20:27:45 GMT-0600 (Central Standard Time)'],['Green'],['scooter'],['26-35'],['Female'],['Liberal Arts'],"[""Bachelor's_degree(e.g. BA; BS)""]",['1'],['1'],['1'],['1'],['0'],['4'],['Electricscooter'],['5'],['Yes'],['it was fun']
191,['value'],[' p24'],['2'],['4300'],['2'],['Fri Jan 27 2023 21:59:03 GMT-0500 (Eastern Standard Time)'],['Orange'],['self driving scooter/segway'],['18-25'],"['Other', 'trans man']",['Mathematics'],"['Other', 'some college no degree']",['2'],['2'],['1'],['2'],"['1', '3', '4']",['4'],['none'],['7'],['Yes'],['Some of the questions were kind of confusing; especially the ones that say please answer if you r answer to the previous answer was none. Other than that; everything went well']
192,['value'],[' p196'],['50'],['2100'],['2'],['Mon Jan 30 2023 15:38:46 GMT-0800 (Pacific Standard Time)'],['Orange'],['self-driving scooter'],['46-55'],['Female'],['Education'],"[""Master's_degree (e.g. MA; MS; MEd)""]",['1'],['1'],['2'],['1'],['1'],['7'],['none'],,['Yes'],
193,['value'],[' p278'],['211'],['2101'],['2'],['Fri Feb 10 2023 20:29:55 GMT-0600 (Central Standard Time)'],['Orange'],['E scooter'],['46-55'],['Female'],['Liberal Arts'],['High_school_degree_or_equivalent'],['1'],['1'],['1'],['1'],['3'],['7'],['none'],,['Yes'],
194,['value'],[' p190'],['121'],['3201'],['2'],['Fri Feb 10 2023 18:28:51 GMT-0700 (Mountain Standard Time)'],['Orange'],['SELF DRIVING SCOOTER'],['36-45'],"['Other', 'NON-BINARY']","['Other', 'RETAIL']",['High_school_degree_or_equivalent'],['1'],['0'],['0'],['0'],['1'],['3'],['none'],,['Yes'],
195,['value'],[' p46'],['45'],['1411'],['2'],['Mon Jan 30 2023 18:36:53 GMT-0500 (Eastern Standard Time)'],['Orange'],['Scooter'],['36-45'],['Male'],['Technology'],"[""Bachelor's_degree(e.g. BA; BS)""]",['1'],['0'],['2'],['0'],"['1', '4']",['7'],['none'],['4'],['Yes'],['I liked it. Interactive studies like this are far more enjoyable.']
196,['value'],[' p208'],['244'],['2110'],['2'],['Wed Feb 15 2023 19:24:48 GMT-0500 (Eastern Standard Time)'],['Orange'],['self driving segway'],['18-25'],['Male'],['Technology'],['High_school_degree_or_equivalent'],['1'],['2'],['2'],['2'],"['1', '4']",['7'],['Electricscooter'],['6'],['Yes'],
197,['value'],[' p301'],['41'],['1401'],['2'],['Mon Jan 30 2023 17:32:40 GMT-0600 (Central Standard Time)'],['Orange'],['scooter'],['46-55'],['Female'],['Medicine'],"[""Bachelor's_degree(e.g. BA; BS)""]",['1'],['1'],['1'],['1'],"['1', '2', '4']",['6'],['none'],,['Yes'],
198,['value'],[' p29'],['206'],['1410'],['2'],['Sat Feb 11 2023 02:28:36 GMT 0000 (Coordinated Universal Time)'],['Orange'],['Self driving scooter'],[' 56'],['Male'],"['Other', 'Sales']",['Associate degree'],['1'],['1'],['1'],['1'],['1'],['4'],['none'],['3'],['Yes'],"[""I don't like automated vegicles. Even scooters""]"
199,['value'],[' p267'],['297'],['1401'],['2'],['Wed Feb 15 2023 19:25:46 GMT-0500 (Eastern Standard Time)'],['Orange'],['scooter'],['26-35'],['Male'],"['Other', 'Sales']",['High_school_degree_or_equivalent'],['1'],['0'],['0'],['0'],['0'],,['none'],,['Yes'],['no']
200,['value'],[' p265'],['32'],['4300'],['2'],['Mon Jan 30 2023 15:25:00 GMT-0800 (Pacific Standard Time)'],['Orange'],['eScooter'],['26-35'],['Male'],['Science'],['Associate degree'],['1'],['0'],['2'],['2'],"['1', '2', '3', '4', '5']",['7'],['none'],['4'],['Yes'],['I recalled that the delivery robot was white and yellow; but there was no choice for that. Closest option was orange. Please consider this when making a decision to reject my study or not. If so; let me know so I can return the study instead of rejecting the study. ']
201,['value'],[' p62'],['124'],['3210'],['2'],['Fri Feb 10 2023 19:29:51 GMT-0600 (Central Standard Time)'],['Orange'],['scooter'],['46-55'],['Female'],"['Other', 'student - medical terminology']","['Other', 'Medical Transcription - May 2001; correspondence']",['1'],['1'],['2'],['2'],['0'],,['none'],,,['I thought the color on the delivery robot looked yellow.  Also; #12']
202,['value'],[' p157'],['215'],['2111'],['2'],['Fri Feb 10 2023 21:31:45 GMT-0500 (Eastern Standard Time)'],['Orange'],['self driving scooter'],['46-55'],['Male'],['Engineering'],"[""Bachelor's_degree(e.g. BA; BS)""]",['1'],['2'],['2'],['2'],['3'],['7'],"['Electricscooter', 'Electric_bike', 'Electric_skateboard_similar']",['7'],['Yes'],
203,['value'],[' p161'],['293'],['4311'],['2'],['Wed Feb 15 2023 19:25:34 GMT-0500 (Eastern Standard Time)'],['Orange'],['an autonomous mobility scooter'],[' 56'],['Female'],['Pharmacy'],['High_school_degree_or_equivalent'],['1'],['1'],['1'],['2'],['0'],,['none'],,['Yes'],
204,['value'],[' p229'],['169'],['1401'],['2'],['Fri Feb 10 2023 20:06:27 GMT-0600 (Central Standard Time)'],['Purple'],['scooter'],['36-45'],['Male'],['Technology'],"[""Bachelor's_degree(e.g. BA; BS)""]",['1'],['0'],['0'],['0'],['1'],['7'],"['Electricscooter', 'Other']",['6'],['No'],['Thanks']
205,['value'],[' p90'],['175'],['1411'],['2'],['Fri Feb 10 2023 21:11:57 GMT-0500 (Eastern Standard Time)'],['Orange'],['Sooter'],['36-45'],['Male'],"['Other', 'Finance']","[""Master's_degree (e.g. MA; MS; MEd)""]",['1'],['1'],['2'],['2'],"['1', '4']",['7'],['Other'],,['Yes'],['Interesting study; thanks for hosting.']
206,['value'],[' p50'],['319'],['3211'],['2'],['Wed Feb 15 2023 19:32:17 GMT-0500 (Eastern Standard Time)'],['Orange'],['automated scooter'],['18-25'],['Male'],['Medicine'],"[""Bachelor's_degree(e.g. BA; BS)""]",['1'],['1'],['1'],['1'],"['1', '2', '4']",['6'],['Electricscooter'],['5'],['Yes'],
207,['value'],[' p121'],['208'],['2100'],['2'],['Fri Feb 10 2023 19:28:56 GMT-0700 (Mountain Standard Time)'],['Orange'],['Scooter'],['26-35'],['Female'],['Education'],"[""Master's_degree (e.g. MA; MS; MEd)""]",['1'],['0'],['1'],['1'],['1'],['6'],['Electricscooter'],['5'],['Yes'],
208,['value'],[' p130'],['151'],['2111'],['2'],['Fri Feb 10 2023 17:56:06 GMT-0800 (Pacific Standard Time)'],['Blue'],['Scooter'],['26-35'],['Male'],['Liberal Arts'],['High_school_degree_or_equivalent'],['1'],['2'],['2'],['1'],"['1', '4']",['5'],['Electricscooter'],['7'],['Yes'],
209,['value'],[' p22'],['315'],['3201'],['2'],['Wed Feb 15 2023 19:30:05 GMT-0500 (Eastern Standard Time)'],['Blue'],['electric scooter'],[' 56'],['Female'],['Other'],"[""Bachelor's_degree(e.g. BA; BS)""]",['1'],['0'],['2'],['0'],['4'],['6'],['Electricscooter'],['3'],['Yes'],['This was really a fun study']
210,['value'],[' p55'],['180'],['2110'],['2'],['Fri Feb 10 2023 21:15:40 GMT-0500 (Eastern Standard Time)'],['Blue'],['Scooter'],['18-25'],['Female'],['Science'],"[""Bachelor's_degree(e.g. BA; BS)""]",['0'],['0'],['1'],['0'],['4'],['3'],['none'],['4'],['Yes'],['N/A']
211,['value'],[' p21'],['266'],['1400'],['2'],['Wed Feb 15 2023 16:25:08 GMT-0800 (Pacific Standard Time)'],['Orange'],['Self driving scooter'],['46-55'],['Male'],['Technology'],['High_school_degree_or_equivalent'],['1'],['0'],['1'],['2'],['1'],['5'],"['Electricscooter', 'Electric_bike']",['5'],['Yes'],
212,['value'],[' p228'],['104'],['1400'],['2'],['Tue Jan 31 2023 11:24:37 GMT-0700 (Mountain Standard Time)'],['Blue'],['scooter'],['26-35'],['Female'],"['Other', 'unemployed']","['Other', 'some college no degree']",['1'],['2'],['1'],['1'],"['1', '2', '4', '5']",['7'],['Electric_skateboard_similar'],['4'],['Yes'],['None; thank you.']
213,['value'],[' p163'],['204'],['1410'],['2'],['Fri Feb 10 2023 21:27:47 GMT-0500 (Eastern Standard Time)'],['Blue'],['E-Scooter'],['18-25'],['Male'],"['Other', 'Sales']",['High_school_degree_or_equivalent'],['2'],['2'],['2'],['2'],['3'],['6'],['Electric_bike'],['7'],['Yes'],"[""I would've liked for the e-bike to be on the right; like usual people follow when walking. Unless this was done for some other reason.""]"
214,['value'],[' p152'],['90'],['3200'],['2'],['Tue Jan 31 2023 10:24:14 GMT-0800 (Pacific Standard Time)'],['Green'],['scooter'],['46-55'],['Male'],['Liberal Arts'],"[""Master's_degree (e.g. MA; MS; MEd)""]",['1'],['2'],['1'],['1'],"['1', '3']",['6'],"['Electricscooter', 'Electric_bike']",['7'],['Yes'],
215,['value'],[' p88'],['312'],['3200'],['2'],['Wed Feb 15 2023 18:29:10 GMT-0600 (Central Standard Time)'],['Orange'],['scooter'],['26-35'],['Male'],['Technology'],['Associate degree'],['0'],['0'],['0'],['0'],['0'],,['Other'],,['Yes'],
216,['value'],[' p294'],['307'],['2101'],['2'],['Wed Feb 15 2023 19:26:53 GMT-0500 (Eastern Standard Time)'],['Orange'],['self-driving scooter'],[' 56'],['Female'],['Liberal Arts'],"[""Bachelor's_degree(e.g. BA; BS)""]",['1'],['1'],['1'],['1'],['0'],['4'],['none'],,['Yes'],"[""I thought the robot was yellow; so I picked orange since that's the closest""]"
217,['value'],[' p118'],['22'],['2110'],['2'],['Mon Jan 30 2023 16:02:30 GMT-0500 (Eastern Standard Time)'],['Orange'],['self-driving scooter'],['36-45'],['Male'],"['Other', 'Writer']","[""Bachelor's_degree(e.g. BA; BS)""]",['1'],['0'],['1'],['0'],"['1', '4']",['5'],['none'],,['Yes'],['During the first video section of the study; during the part when circles on the video are supposed to show delivery robots and vehicles; nothing appears in the circle during the paused portion. ']
218,['value'],[' p146'],['316'],['3210'],['2'],['Wed Feb 15 2023 19:30:40 GMT-0500 (Eastern Standard Time)'],['Orange'],['scooter'],['46-55'],['Female'],"['Other', 'N/A']",['High_school_degree_or_equivalent'],['1'],['2'],['1'],['1'],['0'],,['none'],,['Yes'],['N/A']
219,['value'],[' p13'],['129'],['4301'],['2'],['Fri Feb 10 2023 19:33:23 GMT-0600 (Central Standard Time)'],['Orange'],['segway'],['26-35'],['Female'],['Medicine'],"[""Master's_degree (e.g. MA; MS; MEd)""]",['2'],['2'],['2'],['2'],"['1', '2', '4']",['7'],['Electricscooter'],['4'],['Yes'],['no']
220,['value'],[' p227'],['223'],['3211'],['2'],['Fri Feb 10 2023 22:32:53 GMT-0500 (Eastern Standard Time)'],['Blue'],['Self driving scooter'],['36-45'],['Male'],"['Other', 'Security']","[""Bachelor's_degree(e.g. BA; BS)""]",['2'],['2'],['2'],['2'],"['1', '2', '4']",['6'],"['Electricscooter', 'Electric_bike']",['6'],['Yes'],['No']
221,['value'],[' p250'],['174'],['1410'],['2'],['Fri Feb 10 2023 20:10:01 GMT-0600 (Central Standard Time)'],['Orange'],['scooter'],['26-35'],['Male'],"['Other', 'na']",['High_school_degree_or_equivalent'],['1'],['1'],['0'],['1'],['0'],,['none'],,['Yes'],
222,['value'],[' p272'],['241'],['2101'],['2'],['Wed Feb 15 2023 19:24:45 GMT-0500 (Eastern Standard Time)'],['Orange'],['self-driving scooter'],[' 56'],['Male'],"['Other', 'N/A not a student']",['High_school_degree_or_equivalent'],['2'],['1'],['2'],['1'],['4'],['6'],['none'],,['Yes'],
223,['value'],[' p140'],['107'],['1401'],['2'],['Tue Jan 31 2023 11:26:38 GMT-0700 (Mountain Standard Time)'],['Orange'],['scooter'],['46-55'],['Female'],['Mathematics'],"[""Bachelor's_degree(e.g. BA; BS)""]",['1'],['1'],['2'],['2'],"['2', '4']",['7'],['none'],,['Yes'],['I thought the robot was yellow so I picked orange ']
224,['value'],[' p179'],['101'],['4311'],['2'],['Tue Jan 31 2023 13:24:29 GMT-0500 (Eastern Standard Time)'],['Orange'],['scooter'],['46-55'],['Male'],['Technology'],"[""Master's_degree (e.g. MA; MS; MEd)""]",['1'],['1'],['2'],['2'],['0'],,['none'],,['Yes'],
225,['value'],[' p31'],['134'],['4310'],['2'],['Fri Feb 10 2023 19:37:32 GMT-0600 (Central Standard Time)'],['Orange'],['scooter'],['18-25'],['Female'],['Science'],"[""Bachelor's_degree(e.g. BA; BS)""]",['1'],['1'],['2'],['2'],"['1', '3']",['4'],['none'],['4'],['Yes'],
226,['value'],[' p112'],['60'],['3210'],['2'],['Mon Jan 30 2023 17:44:36 GMT-0600 (Central Standard Time)'],['Blue'],['Scooter'],['36-45'],['Female'],"['Other', 'Digital Marketer']",['Associate degree'],['1'],['2'],['1'],['0'],['1'],['7'],['Electricscooter'],['4'],['Yes'],
227,['value'],[' p232'],['250'],['3200'],['2'],['Wed Feb 15 2023 19:24:54 GMT-0500 (Eastern Standard Time)'],['Orange'],['e-scooter'],['36-45'],['Male'],"['Other', 'Retail']","[""Bachelor's_degree(e.g. BA; BS)""]",['1'],['0'],['0'],['0'],['0'],,['none'],,['Yes'],
228,['value'],[' p246'],['317'],['3211'],['2'],['Wed Feb 15 2023 17:31:13 GMT-0700 (Mountain Standard Time)'],['Orange'],['E-scooter'],['36-45'],['Male'],['Engineering'],['Doctoral_degree (e.g. PhD; EdD)'],['1'],['1'],['1'],['1'],['0'],,['none'],,['Yes'],['I have no feedback to share about this study.']
229,['value'],[' p234'],['228'],['4310'],['2'],['Wed Feb 15 2023 19:24:23 GMT-0500 (Eastern Standard Time)'],['Orange'],['Self driving scooter'],['26-35'],['Female'],['Education'],"[""Bachelor's_degree(e.g. BA; BS)""]",['0'],['0'],['0'],['0'],['0'],['1'],['Other'],['1'],['Yes'],
230,['value'],[' p42'],['197'],['4311'],['2'],['Fri Feb 10 2023 18:24:25 GMT-0800 (Pacific Standard Time)'],['Blue'],['Scooter'],['36-45'],['Male'],['Pharmacy'],['Doctoral_degree (e.g. PhD; EdD)'],['1'],['1'],['1'],['1'],['0'],,['none'],,['Yes'],
231,['value'],[' p178'],['65'],['4301'],['2'],['Mon Jan 30 2023 15:48:38 GMT-0800 (Pacific Standard Time)'],['Orange'],['self-driving scooter'],['36-45'],['Male'],['Technology'],['High_school_degree_or_equivalent'],['1'],['2'],['2'],['2'],['0'],,['none'],,['Yes'],
232,['value'],[' p277'],['77'],['1411'],['2'],['Mon Jan 30 2023 18:56:02 GMT-0500 (Eastern Standard Time)'],['Blue'],['self driving scooter'],['36-45'],['Male'],['Education'],"[""Master's_degree (e.g. MA; MS; MEd)""]",['1'],['0'],['1'],['1'],"['1', '2', '3', '4', '5']",['5'],['none'],,['Yes'],
233,['value'],[' p184'],['165'],['4311'],['2'],['Fri Feb 10 2023 21:04:47 GMT-0500 (Eastern Standard Time)'],['Orange'],['scooter'],['36-45'],['Male'],['Technology'],"[""Bachelor's_degree(e.g. BA; BS)""]",['2'],['2'],['2'],['2'],['0'],['7'],['none'],['4'],['Yes'],['no']
234,['value'],[' p211'],['141'],['1411'],['2'],['Fri Feb 10 2023 20:46:34 GMT-0500 (Eastern Standard Time)'],['Blue'],['self-driving scooter'],[' 56'],['Female'],"['Other', 'retired']",['High_school_degree_or_equivalent'],['0'],['0'],['0'],['2'],['0'],,['none'],,['Yes'],['I am hesitant to trust self-driving vehicles; unless their actions or non-actions can be overridden. No matter how rare an error may be; it could possibly lead to a serious accident.']
235,['value'],[' p66'],['143'],['1411'],['2'],['Fri Feb 10 2023 19:52:30 GMT-0600 (Central Standard Time)'],['Orange'],['scooter'],['26-35'],['Male'],['Technology'],['Associate degree'],['1'],['1'],['1'],['1'],['1'],['6'],['none'],['4'],['Yes'],
236,['value'],[' p93'],['323'],['4301'],['2'],['Wed Feb 15 2023 16:38:59 GMT-0800 (Pacific Standard Time)'],['Orange'],['Automated Scooter'],['46-55'],['Female'],"['Other', 'Retail']",['Associate degree'],['1'],['1'],['0'],['0'],['0'],,['none'],,['Yes'],"[""I enjoyed taking part in the study. I didn't have any problems. ""]"
237,['value'],[' p201'],['271'],['1411'],['2'],['Wed Feb 15 2023 17:25:13 GMT-0700 (Mountain Standard Time)'],['Blue'],['self-driving scooter'],['36-45'],['Female'],"['Other', 'Administration']","[""Bachelor's_degree(e.g. BA; BS)""]",['1'],['1'],['0'],['0'],['0'],,"['Electricscooter', 'Segway']",['6'],['Yes'],['no additional comments']
238,['value'],[' p226'],['59'],['3201'],['2'],['Mon Jan 30 2023 17:44:13 GMT-0600 (Central Standard Time)'],['Blue'],['Self driving segway scooter'],['18-25'],['Male'],['Technology'],['Associate degree'],['0'],['1'],['0'],['1'],['1'],['3'],"['Electricscooter', 'Electric_bike', 'Segway']",['5'],['Yes'],"[""I have 3 issues with this study. First and foremost being the unrealistic sidewalks. I don't know if this was meant to be outside the United States; but the standard US sidewalk is barely wide enough for 2 people. Much less scooters and delivery bots.   Second is that the delivery bots (which by the way dont exist in this capacity in the real world yet) were painfully stupid. Why does a robot carrying only stuff not yield to human beings. At no point should a human being have to slow down or break because a delivery bot is doing something stupid. It was hard to judge the situations accurately because in the real world there are no delivery bots doing stupid things constantly. ""]"
239,['value'],[' p300'],['61'],['3211'],['2'],['Mon Jan 30 2023 18:45:08 GMT-0500 (Eastern Standard Time)'],['Orange'],['Self Driving Scooter'],['18-25'],['Male'],['Medicine'],"[""Bachelor's_degree(e.g. BA; BS)""]",['1'],['0'],['0'],['0'],"['1', '4']",['5'],['Electric_bike'],['3'],['Yes'],
240,['value'],[' p275'],['259'],['4301'],['2'],['Wed Feb 15 2023 19:25:02 GMT-0500 (Eastern Standard Time)'],['Orange'],['Scooter'],['36-45'],['Male'],"['Other', 'Retail']","[""Master's_degree (e.g. MA; MS; MEd)""]",['1'],['1'],['1'],['1'],['1'],['6'],['none'],['4'],['Yes'],
241,['value'],[' p216'],['290'],['4300'],['2'],['Wed Feb 15 2023 19:25:31 GMT-0500 (Eastern Standard Time)'],['Orange'],['scooter'],['46-55'],['Female'],"['Other', 'small janitorial business owner']",['Less_than_a_high_school_diploma'],['1'],['1'],['1'],['1'],['0'],,['none'],,['Yes'],['it was fun']
242,['value'],[' p37'],['248'],['3200'],['2'],['Wed Feb 15 2023 19:24:51 GMT-0500 (Eastern Standard Time)'],['Orange'],['Self driving scooter'],[' 56'],['Male'],"['Other', 'Retired']",['Associate degree'],['1'],['2'],['1'],['2'],['0'],,['Electricscooter'],['6'],['Yes'],
243,['value'],[' p86'],['4'],['4310'],['2'],['Fri Jan 27 2023 22:05:29 GMT-0500 (Eastern Standard Time)'],['Orange'],['scooter'],['46-55'],['Female'],"['Other', 'Finance']","[""Bachelor's_degree(e.g. BA; BS)""]",['1'],['1'],['1'],['1'],['0'],,['Electric_bike'],['7'],['Yes'],
244,['value'],[' p167'],['220'],['3210'],['2'],['Fri Feb 10 2023 21:34:41 GMT-0500 (Eastern Standard Time)'],['Green'],['Similar to an e scooter'],['26-35'],['Female'],['Mathematics'],"[""Master's_degree (e.g. MA; MS; MEd)""]",['1'],['0'],['1'],['1'],['1'],['6'],['none'],,['Yes'],"[""I forgot the exact name; just that it's similar to an e scooter and should be called as such. Sometimes the scooter did not do what I input; and it was concerning. Good luck with the study!""]"
245,['value'],[' p302'],['209'],['2101'],['2'],['Fri Feb 10 2023 20:29:33 GMT-0600 (Central Standard Time)'],['Orange'],['self-driving scooter'],['26-35'],['Female'],['Science'],"[""Bachelor's_degree(e.g. BA; BS)""]",['1'],['1'],['1'],['1'],['0'],,['none'],,['Yes'],
246,['value'],[' p281'],['329'],['1401'],['2'],['Wed Feb 15 2023 19:20:47 GMT-0600 (GMT-06:00)'],['Orange'],['self-driving scooter'],['46-55'],['Male'],['Engineering'],"[""Bachelor's_degree(e.g. BA; BS)""]",['2'],['1'],['2'],['2'],"['2', '4']",['6'],['Electric_bike'],['6'],['Yes'],['good study']
247,['value'],[' p105'],['292'],['4310'],['2'],['Wed Feb 15 2023 18:25:32 GMT-0600 (Central Standard Time)'],['Orange'],['self driving scooter'],['36-45'],['Male'],['Engineering'],"[""Master's_degree (e.g. MA; MS; MEd)""]",['2'],['0'],['2'],['2'],['0'],,['none'],,['Yes'],
248,['value'],[' p188'],['96'],['4300'],['2'],['Tue Jan 31 2023 13:24:24 GMT-0500 (Eastern Standard Time)'],['Orange'],['Scooter'],['36-45'],['Male'],['Technology'],"[""Bachelor's_degree(e.g. BA; BS)""]",['1'],['2'],['1'],['1'],"['1', '3', '4']",['7'],"['Electricscooter', 'Electric_skateboard_similar']",['7'],['Yes'],['Nothing comes to mind. Thank you.']
249,['value'],[' p293'],['103'],['4311'],['2'],['Tue Jan 31 2023 12:24:30 GMT-0600 (Central Standard Time)'],['Orange'],['Scooter'],['46-55'],['Female'],"['Other', 'Information']",['Associate degree'],['1'],['1'],['1'],['1'],['1'],['7'],['none'],,['Yes'],['N/A']
250,['value'],[' p92'],['46'],['1410'],['2'],['Mon Jan 30 2023 18:36:56 GMT-0500 (Eastern Standard Time)'],['Orange'],['Self-driving Scooter'],['26-35'],['Male'],['Technology'],['High_school_degree_or_equivalent'],['2'],['2'],['2'],['2'],['0'],['7'],['Electricscooter'],['7'],['Yes'],
251,['value'],[' p181'],['294'],['4310'],['2'],['Wed Feb 15 2023 19:25:34 GMT-0500 (Eastern Standard Time)'],['Orange'],['scooter'],['46-55'],['Female'],"['Other', 'N/A']",['High_school_degree_or_equivalent'],['0'],['1'],['0'],['0'],['0'],['6'],['Electricscooter'],['6'],['Yes'],
252,['value'],[' p213'],['6'],['4310'],['2'],['Fri Jan 27 2023 22:15:48 GMT-0500 (Eastern Standard Time)'],['Blue'],['motorized scooter'],['26-35'],['Male'],"['Other', 'HR']","[""Bachelor's_degree(e.g. BA; BS)""]",['0'],['2'],['1'],['1'],['0'],,['none'],,['Yes'],
253,['value'],[' p81'],['273'],['2101'],['2'],['Wed Feb 15 2023 18:25:18 GMT-0600 (Central Standard Time)'],['Orange'],['scooter'],[' 56'],['Female'],['Education'],"[""Bachelor's_degree(e.g. BA; BS)""]",['1'],['1'],['1'],['1'],['0'],['4'],['none'],['4'],['Yes'],['no']
254,['value'],[' p192'],['207'],['1411'],['2'],['Fri Feb 10 2023 21:28:43 GMT-0500 (Eastern Standard Time)'],['Blue'],['scooter'],[' 56'],['Female'],"['Other', 'retail sales']","[""Bachelor's_degree(e.g. BA; BS)""]",['0'],['1'],['2'],['0'],['0'],['4'],['none'],,['Yes'],
255,['value'],[' p69'],['299'],['1401'],['2'],['Wed Feb 15 2023 19:26:06 GMT-0500 (Eastern Standard Time)'],['Orange'],['scooter'],['26-35'],['Male'],['Science'],"[""Bachelor's_degree(e.g. BA; BS)""]",['1'],['1'],['2'],['2'],['0'],['4'],['Electricscooter'],['7'],['Yes'],['no']
256,['value'],[' p207'],['127'],['3211'],['2'],['Fri Feb 10 2023 20:31:27 GMT-0500 (Eastern Standard Time)'],['Orange'],['scooter'],[' 56'],['Female'],['Education'],['Associate degree'],['1'],['1'],['2'],['2'],['0'],,['none'],,['Yes'],
257,['value'],[' p28'],['158'],['3210'],['2'],['Fri Feb 10 2023 21:00:29 GMT-0500 (Eastern Standard Time)'],['Orange'],['self driving scooter'],['46-55'],['Female'],['Education'],"[""Master's_degree (e.g. MA; MS; MEd)""]",['1'],['1'],['2'],['2'],['0'],,['none'],['7'],['Yes'],['Fun survey!']
258,['value'],[' p174'],['115'],['2101'],['2'],['Fri Feb 10 2023 20:08:07 GMT-0500 (Eastern Standard Time)'],['Orange'],['self driving scooter'],['18-25'],['Female'],"['Other', 'Arts']","[""Bachelor's_degree(e.g. BA; BS)""]",['0'],['1'],['1'],['1'],['0'],,['none'],,['Yes'],['N/A']
259,['value'],[' p109'],['112'],['2100'],['2'],['Thu Feb 02 2023 19:21:52 GMT-0500 (Eastern Standard Time)'],['Orange'],['Self driving scooter'],['46-55'],['Male'],"['Other', 'Finance']","[""Master's_degree (e.g. MA; MS; MEd)""]",['1'],['0'],['2'],['1'],"['1', '2', '4']",['7'],['none'],['4'],['Yes'],"[""I was concerned when we got to the corner because I couldn't tell if the scooter would know if there was a vehicle approaching;""]"
260,['value'],[' p177'],['137'],['1401'],['2'],['Fri Feb 10 2023 17:42:05 GMT-0800 (Pacific Standard Time)'],['Green'],['scooter'],['46-55'],['Male'],"['Other', 'retail']",['High_school_degree_or_equivalent'],['0'],['0'],['0'],['1'],['0'],['5'],['none'],['5'],['Yes'],['none']
261,['value'],[' p289'],['224'],['4300'],['2'],['Wed Feb 15 2023 19:24:14 GMT-0500 (Eastern Standard Time)'],['Orange'],['self-driving scooter'],['26-35'],['Female'],"['Other', 'wholesale']","[""Bachelor's_degree(e.g. BA; BS)""]",['1'],['1'],['1'],['1'],['0'],,['none'],,['Yes'],"[""This page asks what color the delivery robot was and I'm pretty sure it was yellow; but that's not an option""]"
262,['value'],[' p282'],['73'],['1401'],['2'],['Mon Jan 30 2023 18:52:47 GMT-0500 (Eastern Standard Time)'],['Orange'],['scooter'],['26-35'],['Female'],"['Other', 'law']","[""Master's_degree (e.g. MA; MS; MEd)""]",['0'],['1'],['0'],['0'],['4'],['4'],['Electricscooter'],['6'],['Yes'],
263,['value'],[' p262'],['331'],['1401'],['2'],['Wed Feb 15 2023 18:31:40 GMT-0700 (Mountain Standard Time)'],['Blue'],['Scooter'],['18-25'],['Female'],"['Other', 'None']",['High_school_degree_or_equivalent'],['0'],['1'],['1'],['1'],['4'],['2'],"['Electricscooter', 'Electric_bike']",['6'],['Yes'],['It was fun !']
264,['value'],[' p287'],['233'],['1401'],['2'],['Wed Feb 15 2023 16:24:34 GMT-0800 (Pacific Standard Time)'],['Orange'],['E scooter'],['26-35'],['Male'],['Education'],['High_school_degree_or_equivalent'],['0'],['1'],['1'],['1'],['0'],,['none'],,['Yes'],
265,['value'],[' p251'],['247'],['2111'],['2'],['Wed Feb 15 2023 19:26:21 GMT-0500 (Eastern Standard Time)'],['Orange'],['scooter'],['26-35'],['Male'],['Technology'],"[""Bachelor's_degree(e.g. BA; BS)""]",['1'],['1'],['1'],['0'],"['2', '4']",['5'],['Electricscooter'],['5'],['No'],['NA']
266,['value'],[' p98'],['56'],['3200'],['2'],['Mon Jan 30 2023 17:42:40 GMT-0600 (Central Standard Time)'],['Blue'],['Self-Driving Scooter'],['18-25'],['Female'],"['Other', 'N/A']",['High_school_degree_or_equivalent'],['2'],['2'],['2'],['2'],['0'],,['none'],,['Yes'],
267,['value'],[' p283'],['85'],['2111'],['2'],['Tue Jan 31 2023 10:24:08 GMT-0800 (Pacific Standard Time)'],['Orange'],['scooter'],['36-45'],['Male'],"['Other', 'business ']",['Associate degree'],['1'],['1'],['2'],['2'],['0'],['7'],['Electricscooter'],['7'],['Yes'],"[""I couldn't recall the color of the robot; I thought it was yellow which was not one of the colors listed so I picked orange. ""]"
268,['value'],[' p271'],['122'],['3200'],['2'],['Fri Feb 10 2023 19:29:05 GMT-0600 (Central Standard Time)'],['Blue'],['scooter'],['36-45'],['Female'],['Education'],"[""Master's_degree (e.g. MA; MS; MEd)""]",['2'],['0'],['1'],['1'],"['1', '2', '4']",['7'],['none'],,['Yes'],
269,['value'],[' p133'],['276'],['2110'],['2'],['Wed Feb 15 2023 18:25:16 GMT-0600 (Central Standard Time)'],['Orange'],['self-driving scooter'],['46-55'],['Male'],['Liberal Arts'],"[""Bachelor's_degree(e.g. BA; BS)""]",['1'],['1'],['1'],['1'],['0'],,['none'],,['Yes'],"[""I was concerned why the scooter didn't have to stop at stop signs. I was concerned about going 9 mph. I was concerned that the scooter would just go right into an intersection without slowing down to see if pedestrians or cars were coming from the blind corners.  After all the negative reports about self driving Teslas; these experiments didn't make me feel better about the scooters either.""]"
270,['value'],[' p218'],['222'],['3210'],['2'],['Fri Feb 10 2023 21:15:39 GMT-0600 (Central Standard Time)'],['Blue'],['scooter'],['26-35'],['Female'],"['Other', 'none']",['High_school_degree_or_equivalent'],['1'],['1'],['1'],['1'],['1'],['4'],['none'],,['Yes'],['none']
271,['value'],[' p95'],['182'],['2110'],['2'],['Fri Feb 10 2023 20:16:19 GMT-0600 (Central Standard Time)'],['Orange'],['Scooter'],['36-45'],['Male'],"['Other', 'Disabled ']","[""Bachelor's_degree(e.g. BA; BS)""]",['1'],['2'],['0'],['0'],['0'],['7'],['none'],,['Yes'],
272,['value'],[' p150'],['144'],['2100'],['2'],['Fri Feb 10 2023 20:52:36 GMT-0500 (Eastern Standard Time)'],['Orange'],['self-driving scooter'],['26-35'],['Male'],['Technology'],['High_school_degree_or_equivalent'],['0'],['1'],['2'],['2'],"['2', '4']",['6'],['none'],['4'],['Yes'],
273,['value'],[' p15'],['213'],['2111'],['2'],['Fri Feb 10 2023 20:30:28 GMT-0600 (Central Standard Time)'],['Orange'],['scooter'],['26-35'],['Female'],['Science'],['Doctoral_degree (e.g. PhD; EdD)'],['1'],['2'],['2'],['2'],['0'],,['none'],,['Yes'],['no']
274,['value'],[' p41'],['193'],['4301'],['2'],['Fri Feb 10 2023 21:22:42 GMT-0500 (Eastern Standard Time)'],['Orange'],['segway type stand up scooter'],['36-45'],['Female'],"['Other', 'unemployed']",['Associate degree'],['1'],['1'],['2'],['1'],['0'],,['none'],,['Yes'],
275,['value'],[' p4'],['282'],['3200'],['2'],['Wed Feb 15 2023 18:25:20 GMT-0600 (Central Standard Time)'],['Orange'],['self driving scooter'],['36-45'],['Female'],['Liberal Arts'],"[""Bachelor's_degree(e.g. BA; BS)""]",['0'],['0'],['0'],['0'],['0'],,['none'],,['Yes'],
276,['value'],[' p200'],['242'],['2100'],['2'],['Wed Feb 15 2023 19:24:47 GMT-0500 (Eastern Standard Time)'],['Blue'],['self driving scooter'],['36-45'],['Male'],['Education'],['Associate degree'],['0'],['0'],['0'],['0'],['0'],['7'],['none'],['4'],['Yes'],
277,['value'],[' p180'],['187'],['3201'],['2'],['Sat Feb 11 2023 08:19:59 GMT 0600 (Bangladesh Standard Time)'],['Orange'],['bicycle '],['26-35'],['Male'],['Mathematics'],"[""Bachelor's_degree(e.g. BA; BS)""]",['0'],['0'],['1'],['0'],"['1', '2', '3']",['5'],['Electric_bike'],['5'],['No'],
278,['value'],[' p23'],['51'],['2101'],['2'],['Mon Jan 30 2023 15:40:41 GMT-0800 (Pacific Standard Time)'],['Blue'],['scooter'],[' 56'],['Male'],['Technology'],['High_school_degree_or_equivalent'],['0'],['0'],['0'],['1'],['0'],,['Electric_bike'],['6'],['Yes'],
279,['value'],[' p186'],['147'],['2101'],['2'],['Fri Feb 10 2023 19:54:45 GMT-0600 (Central Standard Time)'],['Blue'],['scooter'],['46-55'],['Male'],"['Other', 'Social Science']","[""Bachelor's_degree(e.g. BA; BS)""]",['1'],['2'],['1'],['2'],"['2', '0']",['5'],['Electric_bike'],['6'],['Yes'],['N/A']
280,['value'],[' p10'],['232'],['1400'],['2'],['Wed Feb 15 2023 19:24:31 GMT-0500 (Eastern Standard Time)'],['Green'],['E Scooter'],['26-35'],['Male'],['Technology'],"[""Bachelor's_degree(e.g. BA; BS)""]",['0'],['0'],['1'],['1'],"['2', '4']",['5'],['none'],,['Yes'],['Everything worked fine and was understandable.']
281,['value'],[' p126'],['12'],['1410'],['2'],['Mon Jan 30 2023 15:50:36 GMT-0500 (Eastern Standard Time)'],['Blue'],['Electric Scooter'],['46-55'],['Male'],['Engineering'],"[""Bachelor's_degree(e.g. BA; BS)""]",['1'],['1'],['1'],['2'],"['1', '2', '4']",['5'],['none'],,['Yes'],
282,['value'],[' p77'],['93'],['3211'],['2'],['Tue Jan 31 2023 10:24:18 GMT-0800 (Pacific Standard Time)'],['Blue'],['scooter'],['36-45'],['Male'],['Technology'],['High_school_degree_or_equivalent'],['1'],['0'],['0'],['2'],['4'],['4'],['none'],,['Yes'],
283,['value'],[' p299'],['257'],['4301'],['2'],['Wed Feb 15 2023 16:25:01 GMT-0800 (Pacific Standard Time)'],['Orange'],['Self-driving scooter'],['26-35'],['Female'],"['Other', 'Nursing']","[""Bachelor's_degree(e.g. BA; BS)""]",['0'],['0'],['1'],['1'],['0'],,['none'],,['Yes'],"[""Not feedback; per se. In regards to the question about the color of the delivery robot; I honestly don't remember. Maybe the color settings on my screen might be different; but I think the delivery robot appeared to be yellow; not orange.""]"
284,['value'],[' p222'],['325'],['4311'],['2'],['Wed Feb 15 2023 19:06:15 GMT-0600 (Central Standard Time)'],['Blue'],['Scooter'],['26-35'],['Male'],"['Other', 'Manufacturing']",['High_school_degree_or_equivalent'],['1'],['1'],['1'],['1'],['0'],['4'],['none'],['4'],['Yes'],['no']
285,['value'],[' p43'],['179'],['2101'],['2'],['Fri Feb 10 2023 20:14:26 GMT-0600 (Central Standard Time)'],['Orange'],['scooter'],['46-55'],['Female'],"['Other', 'disabled/unable to work']",['High_school_degree_or_equivalent'],['1'],['1'],['1'],['2'],['0'],,['none'],,['Yes'],"[""This was so much fun! If I got the color of the delivery robot wrong; it's because I was having too much fun enjoying my new smart scooter. I want one of these now! Thank you so much for this fun learning opportunity! ""]"
286,['value'],[' p132'],['251'],['3201'],['2'],['Wed Feb 15 2023 18:26:09 GMT-0600 (Central Standard Time)'],['Orange'],['scooter'],['26-35'],['Female'],"['Other', 'Business']","[""Master's_degree (e.g. MA; MS; MEd)""]",['2'],['2'],['2'],['2'],['0'],['7'],['none'],['7'],['Yes'],
287,['value'],[' p257'],['286'],['3210'],['2'],['Wed Feb 15 2023 18:25:22 GMT-0600 (Central Standard Time)'],['Blue'],['Electric scooter'],['46-55'],['Male'],"['Other', 'Home maker']",['High_school_degree_or_equivalent'],['1'],['1'],['0'],['2'],['0'],['6'],['none'],,['Yes'],['I have no feedback.']
288,['value'],[' p291'],['3'],['4301'],['2'],['Fri Jan 27 2023 20:05:23 GMT-0700 (Mountain Standard Time)'],['Orange'],['automated scooter'],['26-35'],['Male'],['Technology'],['High_school_degree_or_equivalent'],['2'],['2'],['2'],['2'],['0'],['4'],['Electric_bike'],['7'],['Yes'],
289,['value'],[' p125'],['63'],['3211'],['2'],['Mon Jan 30 2023 17:45:48 GMT-0600 (Central Standard Time)'],['Orange'],['self driving sidewalk scooter'],['36-45'],['Female'],"['Other', 'manufacturing']","[""Bachelor's_degree(e.g. BA; BS)""]",['2'],['1'],['2'],['2'],['0'],['7'],['none'],['5'],['Yes'],"[""I don't want my ability to control my mobility device to be taken out of my hands; it is very uncomfortable for me. I need to feel in control so I can respond to the unpredictability of my environment.""]"
290,['value'],[' p36'],['120'],['3200'],['2'],['Fri Feb 10 2023 19:27:21 GMT-0600 (Central Standard Time)'],['Orange'],['self-driving scooter'],['36-45'],['Female'],['Education'],"[""Master's_degree (e.g. MA; MS; MEd)""]",['1'],['1'],['1'],['1'],"['1', '2', '4']",,['none'],['4'],['Yes'],['No feedback.']
291,['value'],[' p128'],['97'],['4301'],['2'],['Tue Jan 31 2023 10:24:21 GMT-0800 (Pacific Standard Time)'],['Blue'],['Self driving scooter'],['26-35'],['Male'],['Engineering'],['Associate degree'],['2'],['1'],['1'],['2'],"['2', '4']",['5'],['none'],['4'],['Yes'],
292,['value'],[' p197'],['157'],['3211'],['2'],['Fri Feb 10 2023 19:59:59 GMT-0600 (Central Standard Time)'],['Orange'],['electric scooter'],['18-25'],['Male'],['Technology'],['High_school_degree_or_equivalent'],['2'],['1'],['1'],['1'],['0'],['4'],['Electric_bike'],['5'],['Yes'],
293,['value'],[' p12'],['192'],['4300'],['2'],['Fri Feb 10 2023 21:22:14 GMT-0500 (Eastern Standard Time)'],['Orange'],['self-driving scooter'],['18-25'],['Female'],"['Other', 'Design']","[""Bachelor's_degree(e.g. BA; BS)""]",['1'],['2'],['1'],['1'],['0'],,['none'],,['Yes'],['No']
294,['value'],[' p166'],['255'],['3211'],['2'],['Wed Feb 15 2023 16:24:56 GMT-0800 (Pacific Standard Time)'],['Purple'],['scooter'],['36-45'],['Male'],"['Other', 'construction']","[""Bachelor's_degree(e.g. BA; BS)""]",['2'],['1'],['1'],['2'],['1'],['5'],"['Electricscooter', 'Electric_bike']",['7'],['Yes'],
295,['value'],[' p143'],['27'],['3201'],['2'],['Mon Jan 30 2023 17:14:03 GMT-0600 (Central Standard Time)'],['Orange'],['scooter '],['26-35'],['Female'],['Education'],['Associate degree'],['1'],['1'],['2'],['2'],"['1', '4']",['4'],['Electricscooter'],['6'],['Yes'],['No']
296,['value'],[' p6'],['71'],['4311'],['2'],['Mon Jan 30 2023 15:51:45 GMT-0800 (Pacific Standard Time)'],['Orange'],['Scooter'],['18-25'],['Female'],"['Other', 'Service']",['High_school_degree_or_equivalent'],['1'],['1'],['0'],['0'],['0'],['1'],['none'],['4'],['Yes'],['It would have been interesting or more effective so have less pauses in the video and more examples of people walking or cars passing by when it was time to cross an intersection.']
297,['value'],[' p169'],['285'],['3211'],['2'],['Wed Feb 15 2023 19:25:23 GMT-0500 (Eastern Standard Time)'],['Orange'],['Self Driving Scooter'],['46-55'],['Male'],['Technology'],['Associate degree'],['1'],['1'],['1'],['1'],['4'],['6'],"['Electric_bike', 'Segway']",['6'],['Yes'],['Not really; no.']
298,['value'],[' p173'],['256'],['4300'],['2'],['Wed Feb 15 2023 18:25:01 GMT-0600 (Central Standard Time)'],['Blue'],['e-scooter'],['26-35'],['Male'],['Technology'],"[""Bachelor's_degree(e.g. BA; BS)""]",['1'],['0'],['1'],['0'],['1'],['4'],['none'],['4'],['Yes'],['I recall the delivery robot having a yellow top and white body but neither of those were options to chose from so I went with blue as maybe the body could have been light blue.']
